Rank,name,Sum,333,222,444,555,666,777,333bf,333fm,333oh,clock,minx,pyram,skewb,sq1,444bf,555bf
1.0,Guillaume David,95.0,2.0,2.0,3.0,1.0,1.0,2.0,10.0,15.0,14.0,3.0,8.0,17.0,9.0,4.0,2.0,2.0
2.0,Jonathan Mauroy,167.0,8.0,12.0,4.0,5.0,4.0,3.0,8.0,4.0,3.0,32.0,7.0,16.0,28.0,29.0,2.0,2.0
3.0,Quinten Andelhofs,204.0,4.0,4.0,1.0,2.0,7.0,5.0,10.0,4.0,4.0,46.0,28.0,21.0,5.0,59.0,2.0,2.0
4.0,Ilija Jovanovic,281.0,7.0,16.0,10.0,7.0,12.0,28.0,10.0,15.0,2.0,66.0,2.0,2.0,41.0,59.0,2.0,2.0
5.0,Justin Vinckenbosch,291.0,19.0,8.0,15.0,28.0,30.0,37.0,10.0,15.0,23.0,2.0,11.0,22.0,32.0,35.0,2.0,2.0
6.0,Matthias Schegers,301.0,27.0,25.0,5.0,3.0,3.0,6.0,10.0,15.0,20.0,66.0,6.0,1.0,102.0,8.0,2.0,2.0
7.0,Joran Pauwels,306.0,23.0,10.0,39.0,37.0,28.0,24.0,10.0,15.0,25.0,1.0,65.0,10.0,13.0,2.0,2.0,2.0
8.0,Jérôme Carlier,316.0,45.0,47.0,20.0,8.0,5.0,4.0,2.0,2.0,12.0,57.0,23.0,34.0,44.0,9.0,2.0,2.0
9.0,Medard Lecluyse,353.0,15.0,3.0,16.0,18.0,15.0,37.0,10.0,15.0,160.0,16.0,13.0,6.0,6.0,19.0,2.0,2.0
10.0,Raphael Eduardo Kuijpers,363.0,14.0,28.0,12.0,13.0,29.0,37.0,10.0,15.0,43.0,37.0,26.0,26.0,56.0,13.0,2.0,2.0
11.0,Jonas Rongé,371.0,48.0,19.0,45.0,30.0,22.0,18.0,6.0,1.0,15.0,17.0,33.0,51.0,26.0,36.0,2.0,2.0
12.0,Elias Meynckens,401.0,10.0,7.0,11.0,17.0,57.0,37.0,5.0,15.0,13.0,66.0,18.0,33.0,49.0,59.0,2.0,2.0
13.0,Lars Van den broeck,402.0,40.0,34.0,22.0,25.0,13.0,29.0,10.0,15.0,32.0,31.0,24.0,54.0,10.0,59.0,2.0,2.0
14.0,Cyril Barigand,413.0,68.0,40.0,32.0,21.0,10.0,7.0,7.0,15.0,101.0,20.0,14.0,5.0,46.0,23.0,2.0,2.0
15.0,Adrien Schumacker,414.0,22.0,31.0,8.0,4.0,2.0,1.0,10.0,11.0,9.0,66.0,49.0,43.0,110.0,44.0,2.0,2.0
16.0,Ayhan Sarier,440.0,57.0,37.0,25.0,32.0,57.0,37.0,10.0,15.0,35.0,66.0,10.0,4.0,17.0,34.0,2.0,2.0
17.0,Victor Roets,444.0,3.0,5.0,24.0,43.0,57.0,37.0,10.0,15.0,17.0,66.0,65.0,40.0,11.0,47.0,2.0,2.0
18.0,Elias Malomgré,452.0,98.0,1.0,96.0,62.0,37.0,32.0,10.0,15.0,36.0,4.0,42.0,9.0,1.0,5.0,2.0,2.0
19.0,Tiemen De Meester,464.0,60.0,51.0,54.0,31.0,18.0,15.0,10.0,14.0,24.0,64.0,35.0,42.0,4.0,38.0,2.0,2.0
20.0,Samuel Janssen,473.0,62.0,59.0,52.0,14.0,19.0,22.0,10.0,10.0,48.0,15.0,3.0,12.0,84.0,59.0,2.0,2.0
21.0,Lorenz Hurlet,478.0,17.0,53.0,26.0,33.0,33.0,37.0,10.0,15.0,6.0,66.0,12.0,108.0,43.0,15.0,2.0,2.0
22.0,Wout Plaum,490.0,38.0,10.0,64.0,61.0,57.0,37.0,10.0,15.0,21.0,66.0,47.0,23.0,20.0,17.0,2.0,2.0
23.0,Kobe Lutjeharms,491.0,21.0,13.0,61.0,89.0,57.0,37.0,10.0,15.0,16.0,66.0,16.0,24.0,61.0,1.0,2.0,2.0
24.0,Thibau Vander Motte,514.0,9.0,47.0,6.0,12.0,57.0,37.0,10.0,15.0,44.0,66.0,65.0,109.0,19.0,14.0,2.0,2.0
25.0,Nicolas Dupuis,529.0,85.0,88.0,40.0,10.0,8.0,8.0,10.0,15.0,76.0,8.0,65.0,50.0,3.0,59.0,2.0,2.0
26.0,Arthur Van Broeckhoven,547.0,15.0,64.0,66.0,52.0,41.0,37.0,10.0,15.0,8.0,51.0,43.0,30.0,80.0,31.0,2.0,2.0
27.0,Clara Verbraeken,552.0,39.0,95.0,17.0,20.0,23.0,37.0,10.0,15.0,59.0,42.0,19.0,44.0,69.0,59.0,2.0,2.0
28.0,Arthur Wallem,591.0,26.0,17.0,7.0,6.0,6.0,10.0,10.0,3.0,29.0,66.0,65.0,207.0,76.0,59.0,2.0,2.0
29.0,Simon Meinertzhagen,600.0,67.0,20.0,51.0,89.0,57.0,37.0,10.0,15.0,27.0,66.0,65.0,15.0,18.0,59.0,2.0,2.0
30.0,Alex Dubuson,606.0,79.0,22.0,75.0,89.0,57.0,37.0,10.0,15.0,31.0,66.0,34.0,27.0,15.0,45.0,2.0,2.0
31.0,Zoé de Moffarts,657.0,125.0,124.0,34.0,29.0,20.0,14.0,10.0,15.0,81.0,66.0,5.0,20.0,68.0,42.0,2.0,2.0
32.0,Greg Leonard,669.0,107.0,55.0,87.0,74.0,57.0,37.0,10.0,15.0,47.0,66.0,29.0,45.0,33.0,3.0,2.0,2.0
33.0,Lisa Leukemans,676.0,37.0,41.0,54.0,39.0,31.0,37.0,10.0,15.0,28.0,41.0,9.0,34.0,237.0,59.0,2.0,2.0
34.0,Kobe Kennes,685.0,42.0,32.0,56.0,46.0,21.0,37.0,10.0,15.0,160.0,66.0,65.0,37.0,35.0,59.0,2.0,2.0
35.0,Ulysse Van Damme,687.0,82.0,55.0,70.0,63.0,44.0,34.0,10.0,15.0,60.0,66.0,48.0,48.0,29.0,59.0,2.0,2.0
36.0,Sam Karapinar,689.0,51.0,67.0,47.0,56.0,57.0,37.0,10.0,15.0,40.0,66.0,52.0,92.0,65.0,30.0,2.0,2.0
37.0,Quinten Aerbeydt,696.0,31.0,42.0,48.0,89.0,57.0,37.0,10.0,15.0,10.0,66.0,65.0,109.0,54.0,59.0,2.0,2.0
38.0,Giles Mampaey,705.0,13.0,27.0,29.0,59.0,57.0,37.0,10.0,15.0,18.0,66.0,65.0,8.0,238.0,59.0,2.0,2.0
39.0,Anonymous,707.0,100.0,24.0,119.0,89.0,57.0,37.0,10.0,15.0,58.0,66.0,65.0,11.0,30.0,22.0,2.0,2.0
40.0,Naïm Chaara,711.0,56.0,78.0,62.0,89.0,57.0,37.0,10.0,15.0,70.0,66.0,38.0,68.0,13.0,48.0,2.0,2.0
41.0,Corentin Thomée,713.0,20.0,6.0,28.0,66.0,57.0,37.0,10.0,15.0,160.0,66.0,65.0,49.0,71.0,59.0,2.0,2.0
42.0,Marco Chapinal,722.0,62.0,23.0,43.0,89.0,57.0,37.0,10.0,15.0,83.0,66.0,65.0,59.0,50.0,59.0,2.0,2.0
43.0,Quinten Truyens,739.0,142.0,30.0,111.0,89.0,57.0,37.0,10.0,15.0,68.0,66.0,46.0,13.0,24.0,27.0,2.0,2.0
44.0,Stev Fivez,741.0,77.0,156.0,78.0,44.0,49.0,31.0,10.0,15.0,49.0,66.0,65.0,7.0,39.0,51.0,2.0,2.0
45.0,Nathan Pierret,744.0,25.0,37.0,59.0,89.0,57.0,37.0,10.0,15.0,160.0,66.0,65.0,19.0,52.0,49.0,2.0,2.0
46.0,Louis Durand,754.0,42.0,20.0,125.0,89.0,57.0,37.0,10.0,15.0,38.0,66.0,65.0,3.0,124.0,59.0,2.0,2.0
46.0,Yanis Faraz Ashiq,754.0,50.0,36.0,88.0,89.0,57.0,37.0,10.0,15.0,45.0,66.0,57.0,74.0,67.0,59.0,2.0,2.0
48.0,Théo Naedenoen,761.0,33.0,18.0,9.0,19.0,57.0,37.0,10.0,15.0,39.0,66.0,32.0,198.0,203.0,21.0,2.0,2.0
49.0,Nicolas Vansteen,762.0,11.0,68.0,30.0,89.0,57.0,37.0,10.0,13.0,19.0,66.0,4.0,120.0,175.0,59.0,2.0,2.0
50.0,Andreas Verkinderen,763.0,96.0,39.0,82.0,89.0,57.0,37.0,10.0,15.0,75.0,26.0,65.0,87.0,22.0,59.0,2.0,2.0
50.0,Gaetan Vandesompele,763.0,46.0,73.0,83.0,89.0,57.0,37.0,10.0,15.0,56.0,66.0,65.0,56.0,56.0,50.0,2.0,2.0
52.0,Bruno Vervoort,774.0,1.0,25.0,2.0,9.0,9.0,12.0,10.0,15.0,11.0,66.0,51.0,262.0,238.0,59.0,2.0,2.0
53.0,Lukas Kint,791.0,69.0,50.0,60.0,40.0,36.0,30.0,10.0,15.0,52.0,66.0,65.0,118.0,117.0,59.0,2.0,2.0
54.0,Manu Vereecken,809.0,53.0,113.0,46.0,26.0,32.0,33.0,3.0,7.0,91.0,66.0,21.0,179.0,78.0,59.0,1.0,1.0
55.0,Arthur Gillis,821.0,71.0,76.0,44.0,89.0,57.0,37.0,10.0,15.0,160.0,66.0,41.0,18.0,74.0,59.0,2.0,2.0
56.0,Alex Bataille,830.0,58.0,92.0,112.0,64.0,57.0,37.0,10.0,15.0,64.0,66.0,55.0,60.0,77.0,59.0,2.0,2.0
57.0,Dean Smet,831.0,94.0,76.0,106.0,89.0,57.0,37.0,10.0,15.0,34.0,34.0,31.0,125.0,113.0,6.0,2.0,2.0
58.0,Roy Janssens,835.0,122.0,99.0,76.0,60.0,38.0,27.0,10.0,15.0,100.0,66.0,65.0,82.0,12.0,59.0,2.0,2.0
59.0,Jesse Moens,846.0,108.0,174.0,74.0,36.0,35.0,23.0,10.0,15.0,87.0,39.0,25.0,76.0,99.0,41.0,2.0,2.0
60.0,Rik De Cock,860.0,134.0,72.0,101.0,89.0,25.0,37.0,10.0,15.0,109.0,23.0,65.0,64.0,84.0,28.0,2.0,2.0
61.0,Milan Struyf,862.0,5.0,9.0,18.0,89.0,57.0,37.0,10.0,15.0,7.0,66.0,65.0,209.0,212.0,59.0,2.0,2.0
62.0,Quentin Raemdonck,863.0,86.0,136.0,69.0,89.0,57.0,37.0,10.0,15.0,65.0,66.0,65.0,58.0,74.0,32.0,2.0,2.0
63.0,Jelle De Roeck,901.0,65.0,84.0,33.0,27.0,11.0,11.0,10.0,15.0,160.0,26.0,65.0,305.0,48.0,37.0,2.0,2.0
63.0,Louis Pamukcu,901.0,93.0,65.0,92.0,89.0,57.0,37.0,10.0,15.0,108.0,66.0,65.0,41.0,100.0,59.0,2.0,2.0
65.0,Simon De Prins,904.0,175.0,84.0,127.0,89.0,57.0,37.0,10.0,15.0,61.0,33.0,39.0,46.0,103.0,24.0,2.0,2.0
65.0,Mirko Legrand,904.0,117.0,65.0,89.0,89.0,57.0,37.0,10.0,15.0,160.0,6.0,65.0,84.0,47.0,59.0,2.0,2.0
67.0,Dorian Dewez,909.0,164.0,44.0,100.0,76.0,57.0,37.0,9.0,15.0,33.0,66.0,65.0,29.0,151.0,59.0,2.0,2.0
68.0,Lars Vandenbergh,910.0,82.0,124.0,91.0,55.0,48.0,37.0,10.0,6.0,133.0,12.0,45.0,87.0,166.0,10.0,2.0,2.0
69.0,Cédric Van Huffelen,916.0,28.0,14.0,13.0,16.0,57.0,17.0,10.0,15.0,5.0,66.0,17.0,357.0,238.0,59.0,2.0,2.0
70.0,Noah Schoeters,921.0,121.0,33.0,191.0,89.0,57.0,37.0,10.0,15.0,85.0,58.0,65.0,81.0,16.0,59.0,2.0,2.0
71.0,Keziah Ezana,937.0,49.0,133.0,93.0,77.0,57.0,37.0,10.0,15.0,97.0,66.0,65.0,77.0,139.0,18.0,2.0,2.0
72.0,Robin Dictus,952.0,32.0,69.0,21.0,41.0,57.0,37.0,10.0,15.0,160.0,66.0,65.0,78.0,238.0,59.0,2.0,2.0
73.0,Andrew Zaman,959.0,154.0,61.0,121.0,89.0,57.0,37.0,10.0,15.0,51.0,66.0,65.0,111.0,59.0,59.0,2.0,2.0
74.0,Andreas Guy Vercauteren,964.0,92.0,14.0,81.0,45.0,57.0,37.0,10.0,15.0,84.0,66.0,65.0,97.0,238.0,59.0,2.0,2.0
75.0,Justice Callewaert,969.0,6.0,52.0,137.0,89.0,57.0,37.0,10.0,15.0,1.0,66.0,65.0,133.0,238.0,59.0,2.0,2.0
76.0,Nicolas Ceysens,980.0,174.0,82.0,114.0,89.0,57.0,37.0,10.0,15.0,121.0,66.0,65.0,47.0,40.0,59.0,2.0,2.0
77.0,Tibe Arnauts,985.0,116.0,63.0,142.0,89.0,57.0,37.0,10.0,15.0,82.0,28.0,65.0,146.0,72.0,59.0,2.0,2.0
78.0,Nicolas Ferrard-Zeiders,995.0,146.0,142.0,67.0,58.0,57.0,37.0,10.0,15.0,63.0,66.0,65.0,101.0,105.0,59.0,2.0,2.0
79.0,Peter Liu,1010.0,133.0,131.0,50.0,51.0,42.0,37.0,10.0,15.0,115.0,66.0,53.0,162.0,82.0,59.0,2.0,2.0
80.0,Kasper Loncke,1012.0,72.0,111.0,99.0,89.0,57.0,37.0,10.0,15.0,160.0,66.0,65.0,14.0,154.0,59.0,2.0,2.0
81.0,Bowen Xie,1016.0,44.0,61.0,41.0,11.0,57.0,37.0,10.0,8.0,53.0,14.0,65.0,357.0,238.0,16.0,2.0,2.0
82.0,Victoria Géonet,1019.0,103.0,150.0,97.0,89.0,57.0,37.0,10.0,15.0,74.0,66.0,1.0,100.0,157.0,59.0,2.0,2.0
82.0,Tobias Daneels,1019.0,66.0,74.0,72.0,48.0,43.0,37.0,10.0,15.0,98.0,45.0,62.0,150.0,238.0,57.0,2.0,2.0
84.0,Robin Saccasyn,1025.0,18.0,35.0,19.0,23.0,57.0,37.0,10.0,15.0,22.0,66.0,65.0,357.0,238.0,59.0,2.0,2.0
85.0,Jimmy Coll,1031.0,54.0,107.0,58.0,22.0,39.0,21.0,10.0,15.0,54.0,43.0,20.0,313.0,238.0,33.0,2.0,2.0
86.0,Boyan Bobev,1035.0,124.0,130.0,191.0,89.0,57.0,37.0,10.0,15.0,107.0,38.0,65.0,74.0,35.0,59.0,2.0,2.0
86.0,Jesse Mutton,1035.0,35.0,90.0,71.0,53.0,27.0,20.0,10.0,15.0,41.0,66.0,65.0,241.0,238.0,59.0,2.0,2.0
88.0,Raphaël Lamblin,1039.0,55.0,80.0,35.0,89.0,57.0,37.0,10.0,15.0,160.0,66.0,65.0,69.0,238.0,59.0,2.0,2.0
89.0,Geert Bicler,1042.0,103.0,135.0,37.0,49.0,46.0,37.0,10.0,15.0,160.0,21.0,61.0,115.0,193.0,56.0,2.0,2.0
90.0,Justin Vervenne,1066.0,217.0,102.0,124.0,89.0,57.0,37.0,10.0,15.0,105.0,50.0,65.0,31.0,101.0,59.0,2.0,2.0
91.0,Benjamin Willame,1068.0,195.0,186.0,79.0,57.0,34.0,26.0,10.0,15.0,92.0,66.0,65.0,61.0,119.0,59.0,2.0,2.0
92.0,Bas Van Loo,1071.0,101.0,54.0,95.0,89.0,57.0,37.0,10.0,15.0,55.0,66.0,65.0,357.0,7.0,59.0,2.0,2.0
93.0,Lionel Brunin,1079.0,64.0,143.0,31.0,42.0,57.0,37.0,10.0,15.0,99.0,66.0,65.0,357.0,30.0,59.0,2.0,2.0
93.0,Jelle Dillen,1079.0,113.0,49.0,57.0,89.0,57.0,37.0,10.0,15.0,77.0,66.0,65.0,143.0,238.0,59.0,2.0,2.0
95.0,Egide Hirwa-M,1087.0,193.0,55.0,63.0,72.0,57.0,37.0,10.0,15.0,57.0,66.0,65.0,105.0,229.0,59.0,2.0,2.0
96.0,Cas Timmermans,1092.0,47.0,97.0,84.0,89.0,57.0,37.0,4.0,15.0,50.0,66.0,65.0,217.0,201.0,59.0,2.0,2.0
97.0,Owen Totelet,1101.0,78.0,89.0,191.0,89.0,57.0,37.0,10.0,15.0,160.0,66.0,65.0,136.0,45.0,59.0,2.0,2.0
98.0,Jordi Moens,1114.0,95.0,177.0,80.0,89.0,57.0,37.0,10.0,15.0,95.0,66.0,65.0,228.0,37.0,59.0,2.0,2.0
99.0,Elina Ibrahimi,1118.0,274.0,80.0,131.0,89.0,57.0,37.0,10.0,15.0,151.0,66.0,65.0,53.0,27.0,59.0,2.0,2.0
100.0,Detlev Bonnaerens,1121.0,108.0,184.0,109.0,89.0,57.0,25.0,10.0,15.0,79.0,10.0,65.0,189.0,118.0,59.0,2.0,2.0
101.0,Sacha Lewin,1129.0,90.0,108.0,23.0,89.0,57.0,37.0,10.0,15.0,160.0,66.0,65.0,185.0,161.0,59.0,2.0,2.0
102.0,Berre Soetaert,1138.0,144.0,87.0,191.0,89.0,57.0,37.0,10.0,15.0,160.0,66.0,65.0,92.0,62.0,59.0,2.0,2.0
102.0,Remi De Lameillieure,1138.0,182.0,92.0,191.0,89.0,57.0,37.0,10.0,15.0,160.0,66.0,65.0,103.0,8.0,59.0,2.0,2.0
104.0,Hugo Clarenne,1140.0,61.0,108.0,191.0,89.0,57.0,37.0,10.0,15.0,119.0,66.0,65.0,176.0,83.0,59.0,2.0,2.0
105.0,Jacob Smet,1146.0,198.0,94.0,160.0,89.0,57.0,37.0,10.0,15.0,125.0,66.0,65.0,112.0,55.0,59.0,2.0,2.0
106.0,Arthur Fensie,1168.0,164.0,70.0,191.0,89.0,57.0,37.0,10.0,15.0,144.0,66.0,65.0,86.0,111.0,59.0,2.0,2.0
107.0,William Pham,1171.0,34.0,28.0,191.0,89.0,57.0,37.0,10.0,15.0,160.0,66.0,65.0,118.0,238.0,59.0,2.0,2.0
108.0,Thomas De Vos,1183.0,163.0,113.0,108.0,50.0,57.0,37.0,10.0,15.0,136.0,66.0,40.0,256.0,89.0,39.0,2.0,2.0
109.0,Senne Martlé,1186.0,30.0,99.0,14.0,15.0,17.0,37.0,10.0,15.0,160.0,66.0,65.0,357.0,238.0,59.0,2.0,2.0
110.0,Pieter Luyten,1187.0,88.0,113.0,86.0,34.0,24.0,19.0,10.0,15.0,37.0,66.0,37.0,357.0,238.0,59.0,2.0,2.0
111.0,Willem Beausaert,1210.0,186.0,59.0,191.0,89.0,57.0,37.0,10.0,15.0,160.0,66.0,65.0,131.0,81.0,59.0,2.0,2.0
112.0,Seth Van Nuffelen,1211.0,41.0,83.0,36.0,89.0,57.0,37.0,10.0,15.0,160.0,66.0,65.0,251.0,238.0,59.0,2.0,2.0
113.0,Daan Toelen,1213.0,80.0,104.0,85.0,89.0,57.0,37.0,10.0,15.0,126.0,66.0,65.0,294.0,122.0,59.0,2.0,2.0
114.0,Áron Roggen,1214.0,150.0,102.0,191.0,89.0,57.0,37.0,10.0,15.0,116.0,66.0,65.0,149.0,104.0,59.0,2.0,2.0
115.0,Henrik Van Overvelt,1215.0,156.0,116.0,150.0,89.0,57.0,37.0,10.0,15.0,120.0,66.0,65.0,147.0,124.0,59.0,2.0,2.0
116.0,Toon Vrijsen,1217.0,219.0,173.0,143.0,89.0,57.0,37.0,10.0,15.0,94.0,66.0,65.0,99.0,87.0,59.0,2.0,2.0
117.0,Abel Van Nieuwenhove,1236.0,52.0,235.0,53.0,54.0,57.0,37.0,10.0,15.0,160.0,66.0,65.0,199.0,218.0,11.0,2.0,2.0
118.0,Daniel Strens,1245.0,132.0,105.0,117.0,89.0,57.0,37.0,10.0,15.0,103.0,66.0,65.0,239.0,147.0,59.0,2.0,2.0
119.0,Pierre Ming L. Debroe,1252.0,117.0,314.0,191.0,89.0,57.0,37.0,10.0,15.0,160.0,66.0,65.0,66.0,2.0,59.0,2.0,2.0
120.0,Wannes Snoeckx,1259.0,319.0,43.0,191.0,89.0,57.0,37.0,10.0,15.0,160.0,66.0,65.0,24.0,120.0,59.0,2.0,2.0
121.0,Arthur Ney,1271.0,135.0,152.0,132.0,78.0,57.0,37.0,10.0,15.0,42.0,66.0,65.0,181.0,238.0,59.0,2.0,2.0
122.0,Ramandeep Singh,1272.0,97.0,191.0,65.0,35.0,26.0,16.0,10.0,15.0,160.0,66.0,65.0,289.0,174.0,59.0,2.0,2.0
122.0,Axel Pauwels,1272.0,197.0,179.0,147.0,67.0,45.0,37.0,10.0,15.0,160.0,35.0,65.0,113.0,139.0,59.0,2.0,2.0
122.0,Brent Silkyn,1272.0,238.0,211.0,191.0,89.0,57.0,37.0,10.0,15.0,160.0,66.0,65.0,28.0,42.0,59.0,2.0,2.0
125.0,Joris Coppejans,1274.0,166.0,118.0,191.0,89.0,57.0,37.0,10.0,15.0,160.0,66.0,65.0,55.0,182.0,59.0,2.0,2.0
126.0,Patryk Szmaglinski,1275.0,147.0,180.0,191.0,89.0,57.0,37.0,10.0,12.0,96.0,11.0,65.0,139.0,178.0,59.0,2.0,2.0
127.0,Kaat Schulpen,1287.0,184.0,126.0,130.0,89.0,57.0,37.0,10.0,15.0,160.0,19.0,65.0,94.0,238.0,59.0,2.0,2.0
127.0,Celestijn Bonte,1287.0,158.0,169.0,191.0,89.0,57.0,37.0,10.0,15.0,160.0,7.0,65.0,129.0,137.0,59.0,2.0,2.0
129.0,Aron De Vrieze,1288.0,91.0,168.0,139.0,89.0,57.0,37.0,10.0,15.0,160.0,66.0,65.0,147.0,181.0,59.0,2.0,2.0
130.0,Aurelien Marion,1291.0,110.0,78.0,98.0,89.0,56.0,37.0,10.0,15.0,160.0,49.0,65.0,261.0,200.0,59.0,2.0,2.0
131.0,Rune Geukens,1294.0,232.0,71.0,191.0,89.0,57.0,37.0,10.0,15.0,160.0,66.0,65.0,71.0,167.0,59.0,2.0,2.0
132.0,Nicolas Goossens,1299.0,191.0,163.0,191.0,89.0,57.0,37.0,10.0,15.0,160.0,25.0,65.0,170.0,63.0,59.0,2.0,2.0
133.0,Casper Nordin Amarasinha,1302.0,245.0,138.0,162.0,89.0,57.0,37.0,10.0,15.0,131.0,29.0,65.0,135.0,126.0,59.0,2.0,2.0
133.0,Aerjen Kluskens,1302.0,179.0,154.0,138.0,89.0,57.0,37.0,10.0,15.0,160.0,66.0,65.0,128.0,141.0,59.0,2.0,2.0
135.0,Robbe Beausaert,1306.0,152.0,136.0,156.0,89.0,57.0,37.0,10.0,15.0,124.0,66.0,65.0,191.0,145.0,59.0,2.0,2.0
136.0,Louis Van Broekhoven,1309.0,222.0,112.0,191.0,89.0,57.0,37.0,10.0,15.0,142.0,63.0,65.0,156.0,87.0,59.0,2.0,2.0
137.0,Alexander Follet,1312.0,188.0,145.0,191.0,89.0,57.0,37.0,10.0,15.0,111.0,66.0,22.0,204.0,114.0,59.0,2.0,2.0
138.0,Lars Corthout,1323.0,308.0,121.0,191.0,89.0,57.0,37.0,10.0,15.0,147.0,48.0,65.0,36.0,136.0,59.0,2.0,2.0
139.0,Cassandra Schmitz,1330.0,205.0,127.0,191.0,89.0,57.0,37.0,10.0,15.0,160.0,66.0,65.0,90.0,155.0,59.0,2.0,2.0
140.0,Leon Van Eyken,1332.0,185.0,118.0,191.0,89.0,57.0,37.0,10.0,15.0,160.0,66.0,65.0,145.0,131.0,59.0,2.0,2.0
141.0,Gregory Allegoet,1338.0,12.0,46.0,123.0,89.0,57.0,37.0,10.0,15.0,160.0,66.0,65.0,357.0,238.0,59.0,2.0,2.0
142.0,Thijmen Bruneel,1341.0,256.0,105.0,191.0,89.0,57.0,37.0,10.0,15.0,160.0,47.0,65.0,182.0,64.0,59.0,2.0,2.0
142.0,Sarah Willemart,1341.0,75.0,149.0,90.0,89.0,57.0,37.0,10.0,15.0,30.0,66.0,65.0,357.0,238.0,59.0,2.0,2.0
144.0,Jens De Bock,1343.0,140.0,121.0,144.0,89.0,57.0,37.0,10.0,15.0,160.0,66.0,65.0,138.0,238.0,59.0,2.0,2.0
145.0,Lukas Robertson,1345.0,410.0,141.0,191.0,89.0,57.0,37.0,10.0,15.0,160.0,66.0,65.0,67.0,21.0,12.0,2.0,2.0
146.0,Stan Maes,1348.0,151.0,284.0,191.0,89.0,57.0,37.0,10.0,15.0,160.0,66.0,65.0,51.0,109.0,59.0,2.0,2.0
146.0,Félicien Steux,1348.0,260.0,271.0,154.0,89.0,57.0,37.0,10.0,15.0,139.0,54.0,65.0,39.0,108.0,46.0,2.0,2.0
148.0,Mathieu Vander Donckt,1353.0,129.0,232.0,174.0,89.0,57.0,37.0,10.0,15.0,154.0,66.0,65.0,32.0,230.0,59.0,2.0,2.0
149.0,Wesly Monnaux,1358.0,247.0,58.0,191.0,89.0,57.0,37.0,10.0,15.0,160.0,66.0,65.0,62.0,238.0,59.0,2.0,2.0
150.0,Jeremy K. Posey Jr.,1359.0,105.0,90.0,191.0,89.0,57.0,37.0,10.0,15.0,160.0,66.0,65.0,173.0,238.0,59.0,2.0,2.0
150.0,Noé Carlier,1359.0,136.0,193.0,116.0,89.0,57.0,37.0,10.0,15.0,73.0,66.0,65.0,201.0,238.0,59.0,2.0,2.0
152.0,Johan Groth,1364.0,272.0,134.0,175.0,89.0,57.0,37.0,10.0,15.0,148.0,66.0,65.0,175.0,58.0,59.0,2.0,2.0
153.0,Wout Hancart,1372.0,211.0,145.0,120.0,89.0,57.0,37.0,10.0,15.0,102.0,66.0,65.0,154.0,238.0,59.0,2.0,2.0
154.0,Gwendal Omelianenko,1382.0,365.0,183.0,191.0,89.0,57.0,37.0,10.0,15.0,160.0,24.0,65.0,98.0,25.0,59.0,2.0,2.0
155.0,Elias Hostens,1385.0,223.0,165.0,191.0,89.0,57.0,37.0,10.0,15.0,160.0,66.0,65.0,121.0,123.0,59.0,2.0,2.0
156.0,Henri Devillez,1388.0,186.0,176.0,168.0,89.0,57.0,37.0,10.0,15.0,113.0,66.0,36.0,134.0,238.0,59.0,2.0,2.0
157.0,Noah Theys,1403.0,145.0,197.0,191.0,89.0,57.0,37.0,10.0,15.0,160.0,66.0,65.0,70.0,238.0,59.0,2.0,2.0
158.0,Stijn Witvrouwen,1409.0,114.0,96.0,42.0,89.0,57.0,37.0,10.0,15.0,160.0,66.0,65.0,357.0,238.0,59.0,2.0,2.0
159.0,Thomas Lambrecht,1413.0,214.0,157.0,102.0,89.0,57.0,37.0,10.0,15.0,160.0,66.0,65.0,218.0,160.0,59.0,2.0,2.0
159.0,Jannes Loonen,1413.0,180.0,123.0,128.0,89.0,57.0,37.0,10.0,15.0,155.0,66.0,65.0,187.0,238.0,59.0,2.0,2.0
159.0,Tobi Vuerstaek,1413.0,206.0,306.0,191.0,89.0,57.0,37.0,10.0,15.0,160.0,66.0,65.0,82.0,66.0,59.0,2.0,2.0
162.0,Tuur De Schepper,1415.0,28.0,203.0,27.0,89.0,57.0,37.0,10.0,15.0,160.0,66.0,65.0,357.0,238.0,59.0,2.0,2.0
163.0,Gilles van den Peereboom,1424.0,114.0,236.0,145.0,71.0,57.0,37.0,10.0,15.0,26.0,9.0,63.0,347.0,238.0,52.0,2.0,2.0
164.0,Siemen Cattie,1429.0,170.0,143.0,122.0,89.0,57.0,37.0,10.0,15.0,160.0,66.0,65.0,260.0,172.0,59.0,2.0,2.0
165.0,Maximilien Mertens,1430.0,177.0,211.0,103.0,73.0,57.0,37.0,10.0,15.0,104.0,66.0,50.0,302.0,195.0,26.0,2.0,2.0
166.0,Christian Laschet,1432.0,252.0,272.0,159.0,89.0,57.0,37.0,10.0,15.0,160.0,66.0,65.0,95.0,92.0,59.0,2.0,2.0
167.0,Lander Beelen,1439.0,209.0,116.0,191.0,89.0,57.0,37.0,10.0,15.0,160.0,66.0,65.0,123.0,238.0,59.0,2.0,2.0
168.0,Damien Crémer,1443.0,123.0,295.0,77.0,47.0,40.0,37.0,10.0,15.0,90.0,66.0,65.0,290.0,225.0,59.0,2.0,2.0
169.0,Sten Vlaeminck,1448.0,239.0,224.0,115.0,89.0,52.0,37.0,10.0,15.0,140.0,55.0,65.0,165.0,179.0,59.0,2.0,2.0
170.0,Naïm Zahid,1455.0,245.0,140.0,191.0,89.0,57.0,37.0,10.0,15.0,160.0,66.0,65.0,155.0,162.0,59.0,2.0,2.0
171.0,Warre Adriaensen,1457.0,321.0,217.0,191.0,89.0,57.0,37.0,10.0,15.0,160.0,66.0,65.0,37.0,129.0,59.0,2.0,2.0
172.0,Lucas Kelchtermans,1472.0,23.0,101.0,191.0,89.0,57.0,37.0,10.0,15.0,160.0,66.0,65.0,357.0,238.0,59.0,2.0,2.0
173.0,Jil Rahir,1491.0,233.0,258.0,191.0,89.0,57.0,37.0,10.0,15.0,160.0,66.0,65.0,79.0,168.0,59.0,2.0,2.0
174.0,Dries Van Hertbruggen,1497.0,157.0,190.0,94.0,69.0,57.0,37.0,10.0,15.0,160.0,66.0,65.0,310.0,204.0,59.0,2.0,2.0
175.0,Franek Naze,1499.0,324.0,118.0,191.0,89.0,57.0,37.0,10.0,15.0,160.0,66.0,65.0,158.0,146.0,59.0,2.0,2.0
175.0,Daan De Waele,1499.0,253.0,182.0,191.0,89.0,57.0,37.0,10.0,15.0,160.0,66.0,65.0,73.0,238.0,59.0,2.0,2.0
177.0,Gil Paredis,1500.0,141.0,470.0,126.0,89.0,57.0,37.0,10.0,15.0,160.0,66.0,65.0,104.0,97.0,59.0,2.0,2.0
178.0,Simon Belmans,1501.0,311.0,171.0,191.0,89.0,57.0,37.0,10.0,15.0,160.0,66.0,65.0,89.0,177.0,59.0,2.0,2.0
179.0,Stan Krikken,1503.0,276.0,164.0,191.0,89.0,57.0,37.0,10.0,15.0,160.0,36.0,65.0,102.0,238.0,59.0,2.0,2.0
180.0,Floris Judo,1504.0,82.0,148.0,191.0,89.0,57.0,37.0,10.0,15.0,160.0,66.0,65.0,357.0,164.0,59.0,2.0,2.0
181.0,Jonas Di Dier,1506.0,224.0,266.0,191.0,89.0,57.0,37.0,1.0,15.0,72.0,66.0,30.0,357.0,38.0,59.0,2.0,2.0
182.0,Lucas Piraux,1507.0,128.0,220.0,191.0,89.0,57.0,37.0,10.0,15.0,160.0,66.0,65.0,168.0,238.0,59.0,2.0,2.0
182.0,Elias Fret,1507.0,159.0,204.0,149.0,89.0,57.0,37.0,10.0,15.0,160.0,66.0,65.0,195.0,238.0,59.0,2.0,2.0
182.0,Thibault André,1507.0,199.0,75.0,140.0,79.0,55.0,37.0,10.0,15.0,160.0,66.0,65.0,357.0,238.0,7.0,2.0,2.0
185.0,Emanuele Girlanda,1511.0,181.0,157.0,191.0,89.0,57.0,37.0,10.0,15.0,160.0,66.0,65.0,182.0,238.0,59.0,2.0,2.0
186.0,Rune Cap,1522.0,73.0,227.0,136.0,89.0,57.0,37.0,10.0,15.0,89.0,66.0,65.0,357.0,238.0,59.0,2.0,2.0
187.0,Ruben Dries,1525.0,215.0,178.0,191.0,89.0,57.0,37.0,10.0,15.0,160.0,66.0,65.0,285.0,94.0,59.0,2.0,2.0
188.0,Sam Vanhees,1528.0,155.0,470.0,135.0,89.0,57.0,37.0,10.0,15.0,160.0,66.0,65.0,85.0,121.0,59.0,2.0,2.0
188.0,Hector Peeters,1528.0,176.0,98.0,118.0,68.0,57.0,37.0,10.0,15.0,160.0,66.0,65.0,357.0,238.0,59.0,2.0,2.0
190.0,Emiel Bouckaert,1534.0,314.0,219.0,191.0,89.0,57.0,37.0,10.0,15.0,160.0,66.0,65.0,152.0,96.0,59.0,2.0,2.0
191.0,Doran Selleslag,1539.0,148.0,139.0,191.0,89.0,57.0,37.0,10.0,15.0,160.0,66.0,65.0,357.0,142.0,59.0,2.0,2.0
192.0,Aster Demiddele,1541.0,161.0,86.0,191.0,89.0,57.0,37.0,10.0,15.0,106.0,66.0,65.0,357.0,238.0,59.0,2.0,2.0
193.0,Timmy Franckson,1546.0,241.0,240.0,141.0,89.0,57.0,37.0,10.0,15.0,112.0,66.0,65.0,357.0,53.0,59.0,2.0,2.0
193.0,Rune Donvil,1546.0,265.0,243.0,191.0,89.0,57.0,37.0,10.0,15.0,160.0,66.0,65.0,252.0,33.0,59.0,2.0,2.0
195.0,Gerben Verhelst,1548.0,301.0,192.0,191.0,89.0,57.0,37.0,10.0,15.0,160.0,66.0,65.0,216.0,86.0,59.0,2.0,2.0
196.0,Sofian De Clercq,1561.0,210.0,256.0,68.0,24.0,16.0,13.0,10.0,15.0,160.0,66.0,65.0,357.0,238.0,59.0,2.0,2.0
197.0,Cristian Moruju,1568.0,173.0,169.0,191.0,89.0,57.0,37.0,10.0,15.0,160.0,66.0,65.0,235.0,238.0,59.0,2.0,2.0
198.0,Seppe Daniëls,1572.0,419.0,244.0,191.0,89.0,57.0,37.0,10.0,15.0,160.0,66.0,65.0,96.0,60.0,59.0,2.0,2.0
199.0,Roman Ponsaerts,1580.0,216.0,209.0,167.0,89.0,57.0,37.0,10.0,15.0,160.0,66.0,65.0,221.0,205.0,59.0,2.0,2.0
200.0,Oscar Wagemans,1591.0,262.0,175.0,191.0,89.0,57.0,37.0,10.0,15.0,160.0,66.0,65.0,163.0,238.0,59.0,2.0,2.0
201.0,Yentl Delaere,1592.0,192.0,165.0,191.0,89.0,57.0,37.0,10.0,15.0,160.0,66.0,65.0,244.0,238.0,59.0,2.0,2.0
202.0,Rik Daniëls,1597.0,161.0,379.0,191.0,89.0,57.0,37.0,10.0,15.0,160.0,66.0,65.0,172.0,132.0,59.0,2.0,2.0
203.0,Vincent Batens,1599.0,229.0,288.0,191.0,89.0,57.0,37.0,10.0,15.0,160.0,66.0,65.0,130.0,199.0,59.0,2.0,2.0
203.0,Loric Vandentempel,1599.0,261.0,153.0,191.0,89.0,57.0,37.0,10.0,15.0,130.0,66.0,65.0,243.0,219.0,59.0,2.0,2.0
205.0,Lars Van Asbroeck,1606.0,139.0,205.0,105.0,89.0,57.0,37.0,10.0,15.0,160.0,66.0,65.0,357.0,238.0,59.0,2.0,2.0
206.0,Arthur Kerkhofs,1607.0,298.0,165.0,191.0,89.0,57.0,37.0,10.0,15.0,160.0,66.0,65.0,153.0,238.0,59.0,2.0,2.0
206.0,Mike Lamacq,1607.0,332.0,110.0,163.0,89.0,57.0,37.0,10.0,15.0,135.0,66.0,65.0,227.0,238.0,59.0,2.0,2.0
208.0,Maarten Ghesquiere,1611.0,338.0,180.0,191.0,89.0,57.0,37.0,10.0,15.0,160.0,66.0,65.0,197.0,143.0,59.0,2.0,2.0
209.0,Elizaveta Nesterenko,1619.0,391.0,207.0,191.0,89.0,57.0,37.0,10.0,15.0,160.0,66.0,65.0,156.0,112.0,59.0,2.0,2.0
210.0,Raphaël Oswald,1620.0,236.0,303.0,170.0,89.0,57.0,37.0,10.0,15.0,71.0,66.0,65.0,200.0,238.0,59.0,2.0,2.0
211.0,Nathan Vinaimont,1630.0,201.0,194.0,178.0,83.0,57.0,37.0,10.0,15.0,137.0,66.0,65.0,286.0,238.0,59.0,2.0,2.0
212.0,Clint Wanschoor,1632.0,220.0,300.0,129.0,70.0,57.0,37.0,10.0,15.0,67.0,66.0,44.0,316.0,238.0,59.0,2.0,2.0
213.0,Robbe De Laet,1633.0,131.0,154.0,191.0,89.0,57.0,37.0,10.0,15.0,160.0,66.0,65.0,357.0,238.0,59.0,2.0,2.0
214.0,Paul Britton,1636.0,376.0,232.0,191.0,89.0,57.0,37.0,10.0,15.0,160.0,61.0,65.0,91.0,189.0,59.0,2.0,2.0
215.0,Arno Francken,1639.0,350.0,241.0,191.0,89.0,57.0,37.0,10.0,15.0,160.0,66.0,65.0,57.0,238.0,59.0,2.0,2.0
216.0,Efraín Mouton,1643.0,303.0,290.0,191.0,89.0,57.0,37.0,10.0,15.0,160.0,40.0,65.0,117.0,206.0,59.0,2.0,2.0
217.0,Mathis Van Meerbeeck,1644.0,251.0,45.0,191.0,89.0,57.0,37.0,10.0,15.0,160.0,66.0,65.0,357.0,238.0,59.0,2.0,2.0
218.0,Davit Nersesyan,1646.0,160.0,199.0,191.0,89.0,57.0,37.0,10.0,15.0,160.0,66.0,65.0,350.0,184.0,59.0,2.0,2.0
219.0,Timothy Van Esch,1647.0,250.0,184.0,172.0,89.0,57.0,37.0,10.0,15.0,69.0,66.0,65.0,357.0,213.0,59.0,2.0,2.0
220.0,Sverre Lauwers,1648.0,235.0,238.0,191.0,89.0,57.0,37.0,10.0,15.0,160.0,66.0,65.0,184.0,238.0,59.0,2.0,2.0
221.0,Michaël Geysen,1649.0,226.0,269.0,191.0,89.0,57.0,37.0,10.0,15.0,160.0,66.0,65.0,191.0,210.0,59.0,2.0,2.0
222.0,Sander Smets,1653.0,171.0,188.0,158.0,75.0,50.0,37.0,10.0,15.0,160.0,66.0,65.0,357.0,238.0,59.0,2.0,2.0
223.0,Flora Lutjeharms,1658.0,368.0,172.0,191.0,89.0,57.0,37.0,10.0,15.0,160.0,66.0,65.0,202.0,163.0,59.0,2.0,2.0
224.0,Dimitri Kostov,1659.0,370.0,265.0,191.0,89.0,57.0,37.0,10.0,15.0,160.0,66.0,65.0,106.0,165.0,59.0,2.0,2.0
225.0,Lasse Dresselaers,1661.0,204.0,208.0,191.0,89.0,57.0,37.0,10.0,15.0,160.0,66.0,65.0,258.0,238.0,59.0,2.0,2.0
226.0,Stanislas Lorent,1662.0,258.0,274.0,191.0,89.0,57.0,37.0,10.0,15.0,122.0,66.0,65.0,191.0,224.0,59.0,2.0,2.0
227.0,Arthur De Schutter,1664.0,234.0,157.0,191.0,89.0,57.0,37.0,10.0,15.0,160.0,66.0,65.0,282.0,238.0,59.0,2.0,2.0
228.0,Odmar Goyvaerts,1665.0,218.0,201.0,133.0,89.0,47.0,37.0,10.0,15.0,134.0,66.0,65.0,349.0,238.0,59.0,2.0,2.0
229.0,Flor De Meulemeester,1669.0,229.0,326.0,191.0,89.0,57.0,37.0,10.0,15.0,160.0,66.0,65.0,169.0,192.0,59.0,2.0,2.0
230.0,Bram Van Lippevelde,1670.0,387.0,224.0,191.0,89.0,57.0,37.0,10.0,15.0,160.0,66.0,65.0,136.0,170.0,59.0,2.0,2.0
231.0,Antoine Beaujean,1671.0,282.0,277.0,191.0,89.0,57.0,37.0,10.0,15.0,160.0,66.0,65.0,225.0,134.0,59.0,2.0,2.0
232.0,Théo Zanin,1672.0,120.0,470.0,73.0,89.0,57.0,37.0,10.0,15.0,160.0,66.0,65.0,357.0,90.0,59.0,2.0,2.0
232.0,Emilio Tanzarella,1672.0,320.0,236.0,134.0,65.0,53.0,36.0,10.0,15.0,160.0,59.0,65.0,242.0,214.0,59.0,2.0,2.0
234.0,Matteo Micheletti,1674.0,297.0,226.0,191.0,89.0,57.0,37.0,10.0,15.0,160.0,66.0,65.0,272.0,126.0,59.0,2.0,2.0
235.0,Leander Huyghe,1684.0,280.0,187.0,191.0,89.0,57.0,37.0,10.0,15.0,160.0,66.0,65.0,357.0,107.0,59.0,2.0,2.0
236.0,Denrich John E. Morales,1686.0,127.0,211.0,191.0,89.0,57.0,37.0,10.0,15.0,160.0,66.0,65.0,357.0,238.0,59.0,2.0,2.0
237.0,Jenne Brauns,1690.0,242.0,327.0,191.0,89.0,57.0,37.0,10.0,15.0,160.0,66.0,65.0,220.0,148.0,59.0,2.0,2.0
238.0,Jade Durenne,1703.0,431.0,264.0,179.0,89.0,57.0,37.0,10.0,15.0,146.0,5.0,56.0,113.0,238.0,59.0,2.0,2.0
239.0,Julien Rawart,1704.0,138.0,218.0,191.0,89.0,57.0,37.0,10.0,15.0,160.0,66.0,65.0,357.0,238.0,59.0,2.0,2.0
239.0,Niels Cornelissens,1704.0,98.0,340.0,191.0,89.0,57.0,37.0,10.0,15.0,78.0,66.0,65.0,357.0,238.0,59.0,2.0,2.0
241.0,Gil Merckx,1710.0,287.0,322.0,104.0,38.0,14.0,9.0,10.0,15.0,160.0,66.0,27.0,357.0,238.0,59.0,2.0,2.0
241.0,Maïssane Boussiala,1710.0,142.0,304.0,107.0,89.0,57.0,37.0,10.0,15.0,160.0,66.0,65.0,357.0,238.0,59.0,2.0,2.0
243.0,Wannes De Vleeschouwer,1715.0,169.0,198.0,191.0,89.0,57.0,37.0,10.0,15.0,160.0,66.0,65.0,357.0,238.0,59.0,2.0,2.0
243.0,Liam Duchene,1715.0,300.0,254.0,191.0,89.0,57.0,37.0,10.0,15.0,160.0,66.0,65.0,357.0,51.0,59.0,2.0,2.0
243.0,Dimitrios Dimitriou,1715.0,240.0,201.0,165.0,89.0,57.0,37.0,10.0,15.0,160.0,66.0,65.0,309.0,238.0,59.0,2.0,2.0
246.0,Rodrigue Pochet,1716.0,228.0,234.0,191.0,89.0,57.0,37.0,10.0,15.0,66.0,66.0,65.0,357.0,238.0,59.0,2.0,2.0
247.0,Romeo Mortier,1718.0,213.0,157.0,191.0,89.0,57.0,37.0,10.0,15.0,160.0,66.0,65.0,357.0,238.0,59.0,2.0,2.0
248.0,Seppe Van Ammel,1720.0,349.0,314.0,191.0,89.0,57.0,37.0,10.0,15.0,160.0,66.0,65.0,166.0,138.0,59.0,2.0,2.0
249.0,Michael Heines,1721.0,76.0,470.0,49.0,89.0,57.0,37.0,10.0,15.0,129.0,66.0,65.0,357.0,238.0,59.0,2.0,2.0
250.0,Branko Callemin,1722.0,268.0,260.0,191.0,89.0,57.0,37.0,10.0,15.0,123.0,66.0,65.0,240.0,238.0,59.0,2.0,2.0
251.0,Clément Carels,1725.0,126.0,251.0,191.0,89.0,57.0,37.0,10.0,15.0,160.0,66.0,65.0,357.0,238.0,59.0,2.0,2.0
252.0,Victor Deblauwe,1726.0,249.0,129.0,191.0,89.0,57.0,37.0,10.0,15.0,160.0,66.0,65.0,357.0,238.0,59.0,2.0,2.0
253.0,Rien Van Campenhout,1728.0,345.0,268.0,191.0,89.0,54.0,37.0,10.0,15.0,160.0,66.0,65.0,249.0,116.0,59.0,2.0,2.0
253.0,Arnaud Midré,1728.0,378.0,287.0,191.0,89.0,57.0,37.0,10.0,15.0,160.0,66.0,65.0,72.0,238.0,59.0,2.0,2.0
255.0,Robin Blommaert,1729.0,112.0,311.0,191.0,89.0,57.0,37.0,10.0,15.0,118.0,66.0,65.0,357.0,238.0,59.0,2.0,2.0
256.0,Raïza Declerck,1733.0,259.0,341.0,191.0,89.0,57.0,37.0,10.0,15.0,160.0,66.0,65.0,142.0,238.0,59.0,2.0,2.0
257.0,Warre Ascoop,1735.0,70.0,470.0,38.0,89.0,57.0,37.0,10.0,15.0,160.0,66.0,65.0,357.0,238.0,59.0,2.0,2.0
258.0,Nicolas Couchard,1739.0,168.0,389.0,171.0,89.0,57.0,37.0,10.0,15.0,127.0,66.0,65.0,244.0,238.0,59.0,2.0,2.0
259.0,Lex Van der Veken,1740.0,369.0,231.0,191.0,89.0,57.0,37.0,10.0,15.0,160.0,66.0,65.0,238.0,149.0,59.0,2.0,2.0
260.0,Martin Faux,1744.0,475.0,414.0,191.0,89.0,57.0,37.0,10.0,15.0,160.0,66.0,65.0,79.0,23.0,59.0,2.0,2.0
261.0,Jarne Leys,1747.0,465.0,228.0,191.0,89.0,57.0,37.0,10.0,15.0,160.0,66.0,65.0,63.0,238.0,59.0,2.0,2.0
262.0,Sam Zwaenepoel,1750.0,266.0,339.0,180.0,84.0,57.0,37.0,10.0,15.0,160.0,30.0,58.0,213.0,238.0,59.0,2.0,2.0
262.0,Colin Van Cuyck,1750.0,119.0,380.0,191.0,89.0,57.0,37.0,10.0,15.0,80.0,66.0,65.0,340.0,238.0,59.0,2.0,2.0
264.0,Martin Bearzatto,1751.0,207.0,196.0,191.0,89.0,57.0,37.0,10.0,15.0,160.0,66.0,65.0,357.0,238.0,59.0,2.0,2.0
265.0,Félicien Conter,1754.0,81.0,470.0,191.0,89.0,57.0,37.0,10.0,15.0,160.0,66.0,65.0,357.0,93.0,59.0,2.0,2.0
266.0,Elias Zerihun Desta,1757.0,374.0,256.0,191.0,89.0,57.0,37.0,10.0,15.0,160.0,66.0,65.0,222.0,152.0,59.0,2.0,2.0
266.0,Thijs De Laet,1757.0,287.0,292.0,151.0,80.0,51.0,35.0,10.0,8.0,141.0,62.0,54.0,301.0,238.0,43.0,2.0,2.0
268.0,Jens Renders,1759.0,257.0,161.0,184.0,89.0,57.0,37.0,10.0,15.0,160.0,66.0,65.0,357.0,238.0,59.0,2.0,2.0
269.0,Ruben Wilmssen,1766.0,458.0,128.0,191.0,89.0,57.0,37.0,10.0,15.0,160.0,66.0,65.0,357.0,70.0,59.0,2.0,2.0
270.0,Thijs Potoms,1767.0,149.0,357.0,191.0,89.0,57.0,37.0,10.0,15.0,160.0,66.0,65.0,270.0,238.0,59.0,2.0,2.0
271.0,Eliot Evrard,1774.0,295.0,131.0,191.0,89.0,57.0,37.0,10.0,15.0,160.0,66.0,65.0,357.0,238.0,59.0,2.0,2.0
272.0,Vincent Benoot,1775.0,273.0,254.0,191.0,89.0,57.0,37.0,10.0,15.0,86.0,66.0,65.0,331.0,238.0,59.0,2.0,2.0
272.0,Tiemen Creve,1775.0,419.0,361.0,191.0,89.0,57.0,37.0,10.0,15.0,160.0,66.0,65.0,127.0,115.0,59.0,2.0,2.0
274.0,Seppe Vermeulen,1781.0,282.0,151.0,191.0,89.0,57.0,37.0,10.0,15.0,160.0,66.0,65.0,357.0,238.0,59.0,2.0,2.0
275.0,Tommo Kloeck,1782.0,36.0,470.0,191.0,89.0,57.0,37.0,10.0,15.0,88.0,66.0,65.0,357.0,238.0,59.0,2.0,2.0
276.0,Seppe Callens,1783.0,336.0,161.0,191.0,89.0,57.0,37.0,10.0,15.0,160.0,66.0,65.0,295.0,238.0,59.0,2.0,2.0
277.0,Raphaël Deknop,1786.0,312.0,251.0,147.0,89.0,57.0,37.0,10.0,15.0,160.0,66.0,65.0,276.0,238.0,59.0,2.0,2.0
278.0,Kasper Minnaert,1789.0,411.0,199.0,191.0,89.0,57.0,37.0,10.0,15.0,160.0,66.0,65.0,188.0,238.0,59.0,2.0,2.0
279.0,Guillaume Neirinckx,1791.0,87.0,470.0,191.0,89.0,57.0,37.0,10.0,15.0,46.0,66.0,65.0,357.0,238.0,59.0,2.0,2.0
280.0,Victor Franken,1794.0,208.0,253.0,191.0,89.0,57.0,37.0,10.0,15.0,145.0,66.0,65.0,357.0,238.0,59.0,2.0,2.0
281.0,Thomas De Wever,1796.0,59.0,470.0,110.0,89.0,57.0,37.0,10.0,15.0,160.0,66.0,65.0,357.0,238.0,59.0,2.0,2.0
282.0,Lars Henkes,1805.0,263.0,228.0,191.0,89.0,57.0,37.0,10.0,15.0,160.0,66.0,65.0,357.0,238.0,25.0,2.0,2.0
283.0,Zaki Chaara,1806.0,501.0,312.0,191.0,89.0,57.0,37.0,10.0,15.0,160.0,66.0,65.0,107.0,133.0,59.0,2.0,2.0
283.0,Noah Delcroix,1806.0,466.0,293.0,191.0,89.0,57.0,37.0,10.0,15.0,160.0,66.0,65.0,144.0,150.0,59.0,2.0,2.0
285.0,Nathan Lassance,1813.0,190.0,293.0,173.0,89.0,57.0,37.0,10.0,15.0,160.0,66.0,65.0,357.0,238.0,59.0,2.0,2.0
285.0,Alexis Werbrouck,1813.0,364.0,272.0,191.0,89.0,57.0,37.0,10.0,15.0,160.0,66.0,65.0,226.0,198.0,59.0,2.0,2.0
287.0,Florian Broddlé,1814.0,413.0,246.0,191.0,89.0,57.0,37.0,10.0,15.0,160.0,66.0,65.0,164.0,238.0,59.0,2.0,2.0
288.0,Pierre Halleux,1818.0,351.0,269.0,191.0,89.0,57.0,37.0,10.0,15.0,160.0,66.0,65.0,207.0,238.0,59.0,2.0,2.0
288.0,Arthur Hillard,1818.0,448.0,286.0,191.0,89.0,57.0,37.0,10.0,15.0,160.0,66.0,65.0,124.0,207.0,59.0,2.0,2.0
290.0,Arthur Gevorgyan,1820.0,224.0,248.0,191.0,89.0,57.0,37.0,10.0,15.0,160.0,66.0,65.0,357.0,238.0,59.0,2.0,2.0
291.0,Vic Daems,1822.0,166.0,308.0,191.0,89.0,57.0,37.0,10.0,15.0,160.0,66.0,65.0,357.0,238.0,59.0,2.0,2.0
292.0,Delso Matteo,1823.0,264.0,211.0,191.0,89.0,57.0,37.0,10.0,15.0,160.0,66.0,65.0,357.0,238.0,59.0,2.0,2.0
292.0,Hanne Verbrakel,1823.0,415.0,277.0,191.0,89.0,57.0,37.0,10.0,15.0,160.0,66.0,65.0,280.0,98.0,59.0,2.0,2.0
294.0,Lucas De Bondt,1825.0,271.0,206.0,191.0,89.0,57.0,37.0,10.0,15.0,160.0,66.0,65.0,357.0,238.0,59.0,2.0,2.0
295.0,Maarten Decaestecker,1832.0,401.0,262.0,166.0,89.0,57.0,37.0,10.0,15.0,138.0,66.0,65.0,335.0,128.0,59.0,2.0,2.0
296.0,Lindsey Trower,1833.0,243.0,242.0,191.0,89.0,57.0,37.0,10.0,15.0,160.0,66.0,65.0,357.0,238.0,59.0,2.0,2.0
297.0,Wouter Cilissen,1838.0,171.0,319.0,191.0,89.0,57.0,37.0,10.0,15.0,160.0,66.0,65.0,357.0,238.0,59.0,2.0,2.0
298.0,Robin Cornelis,1840.0,315.0,221.0,157.0,89.0,57.0,37.0,10.0,15.0,150.0,66.0,65.0,357.0,238.0,59.0,2.0,2.0
299.0,Kilian Lutjeharms,1849.0,292.0,209.0,191.0,89.0,57.0,37.0,10.0,15.0,160.0,66.0,65.0,357.0,238.0,59.0,2.0,2.0
300.0,Anton Slodicka,1850.0,372.0,230.0,191.0,89.0,57.0,37.0,10.0,15.0,160.0,66.0,65.0,257.0,238.0,59.0,2.0,2.0
301.0,Edouard Dupuis,1853.0,244.0,306.0,191.0,89.0,57.0,37.0,10.0,15.0,160.0,66.0,65.0,312.0,238.0,59.0,2.0,2.0
302.0,Taylan Aslan,1855.0,267.0,283.0,191.0,89.0,57.0,37.0,10.0,15.0,117.0,66.0,65.0,357.0,238.0,59.0,2.0,2.0
303.0,Benoit Voorhoof,1856.0,358.0,244.0,191.0,89.0,57.0,37.0,10.0,15.0,160.0,66.0,65.0,263.0,238.0,59.0,2.0,2.0
303.0,Lasse Torfs,1856.0,254.0,470.0,191.0,89.0,57.0,37.0,10.0,15.0,160.0,66.0,65.0,141.0,238.0,59.0,2.0,2.0
305.0,Kristof Vandam,1859.0,285.0,279.0,191.0,89.0,57.0,37.0,10.0,15.0,160.0,66.0,65.0,304.0,238.0,59.0,2.0,2.0
306.0,Félix Vanseven,1862.0,470.0,147.0,191.0,89.0,57.0,37.0,10.0,15.0,160.0,66.0,65.0,336.0,156.0,59.0,2.0,2.0
306.0,Alexander Kempinck,1862.0,518.0,261.0,191.0,89.0,57.0,37.0,10.0,15.0,160.0,66.0,65.0,224.0,106.0,59.0,2.0,2.0
308.0,Toon Plaum,1868.0,305.0,215.0,191.0,89.0,57.0,37.0,10.0,15.0,160.0,66.0,65.0,357.0,238.0,59.0,2.0,2.0
309.0,Adriaen Aerbeydt,1869.0,412.0,333.0,191.0,89.0,57.0,37.0,10.0,15.0,160.0,66.0,65.0,186.0,185.0,59.0,2.0,2.0
310.0,Théo Molitor,1874.0,328.0,281.0,191.0,89.0,57.0,37.0,10.0,15.0,114.0,66.0,65.0,320.0,238.0,59.0,2.0,2.0
311.0,Jeroen Vandebroek,1876.0,491.0,351.0,191.0,89.0,57.0,37.0,10.0,15.0,160.0,66.0,65.0,190.0,91.0,59.0,2.0,2.0
312.0,Alexandre Martin,1877.0,309.0,324.0,191.0,89.0,57.0,37.0,10.0,15.0,160.0,66.0,65.0,253.0,238.0,59.0,2.0,2.0
313.0,Gésio Wassen,1880.0,310.0,222.0,191.0,89.0,57.0,37.0,10.0,15.0,160.0,66.0,65.0,357.0,238.0,59.0,2.0,2.0
313.0,Louis Bokiau,1880.0,347.0,313.0,191.0,89.0,57.0,37.0,10.0,15.0,160.0,66.0,65.0,229.0,238.0,59.0,2.0,2.0
315.0,Flynn Van Poucke,1885.0,342.0,195.0,191.0,89.0,57.0,37.0,10.0,15.0,160.0,66.0,65.0,357.0,238.0,59.0,2.0,2.0
316.0,Juliette Lequenne,1892.0,102.0,470.0,191.0,89.0,57.0,37.0,10.0,15.0,132.0,66.0,65.0,357.0,238.0,59.0,2.0,2.0
316.0,Pepijn Bedert,1892.0,74.0,470.0,191.0,89.0,57.0,37.0,10.0,15.0,160.0,66.0,65.0,357.0,238.0,59.0,2.0,2.0
318.0,Stijn Lombaerts,1895.0,307.0,259.0,176.0,85.0,57.0,37.0,10.0,15.0,160.0,66.0,65.0,357.0,238.0,59.0,2.0,2.0
318.0,Olivier Polspoel,1895.0,459.0,346.0,185.0,87.0,57.0,37.0,10.0,15.0,156.0,56.0,64.0,167.0,194.0,58.0,2.0,2.0
320.0,Ari Van de Veire,1899.0,367.0,470.0,191.0,89.0,57.0,37.0,10.0,15.0,160.0,66.0,65.0,230.0,79.0,59.0,2.0,2.0
321.0,Lars Vaes,1905.0,278.0,279.0,191.0,89.0,57.0,37.0,10.0,15.0,160.0,66.0,65.0,357.0,238.0,59.0,2.0,2.0
322.0,Aloïs Toussaint,1906.0,88.0,470.0,191.0,89.0,57.0,37.0,10.0,15.0,160.0,66.0,65.0,357.0,238.0,59.0,2.0,2.0
323.0,Anh Tuan Nguyen,1911.0,247.0,321.0,186.0,89.0,57.0,37.0,10.0,15.0,160.0,66.0,65.0,357.0,238.0,59.0,2.0,2.0
323.0,Fabien Desmet,1911.0,507.0,353.0,191.0,89.0,57.0,37.0,10.0,15.0,160.0,22.0,65.0,247.0,95.0,59.0,2.0,2.0
325.0,Sandron Théo,1912.0,375.0,189.0,191.0,89.0,57.0,37.0,10.0,15.0,160.0,66.0,65.0,357.0,238.0,59.0,2.0,2.0
326.0,Basile Massin,1916.0,352.0,216.0,191.0,89.0,57.0,37.0,10.0,15.0,160.0,66.0,65.0,357.0,238.0,59.0,2.0,2.0
327.0,Quentin de Pierpont,1917.0,405.0,276.0,191.0,89.0,57.0,37.0,10.0,15.0,160.0,66.0,65.0,287.0,196.0,59.0,2.0,2.0
328.0,Yanis El Krout,1920.0,343.0,330.0,191.0,89.0,57.0,37.0,10.0,15.0,160.0,66.0,65.0,278.0,216.0,59.0,2.0,2.0
329.0,Joël Heymbeeck,1921.0,340.0,310.0,181.0,89.0,57.0,37.0,10.0,15.0,128.0,66.0,65.0,341.0,238.0,40.0,2.0,2.0
329.0,Samiar Sohulian,1921.0,471.0,298.0,191.0,89.0,57.0,37.0,10.0,15.0,160.0,66.0,65.0,161.0,238.0,59.0,2.0,2.0
331.0,Aurélie Abbeels,1922.0,334.0,318.0,164.0,82.0,57.0,37.0,10.0,15.0,160.0,66.0,60.0,357.0,238.0,20.0,2.0,2.0
331.0,Nathan Bernard,1922.0,317.0,297.0,191.0,89.0,57.0,37.0,10.0,15.0,160.0,66.0,65.0,317.0,238.0,59.0,2.0,2.0
333.0,Andrea Ambrosio,1924.0,106.0,470.0,191.0,89.0,57.0,37.0,10.0,15.0,160.0,66.0,65.0,357.0,238.0,59.0,2.0,2.0
334.0,Jappe De Ridder,1927.0,363.0,470.0,191.0,89.0,57.0,37.0,10.0,15.0,160.0,66.0,65.0,151.0,190.0,59.0,2.0,2.0
335.0,Lukas Moens,1929.0,111.0,470.0,191.0,89.0,57.0,37.0,10.0,15.0,160.0,66.0,65.0,357.0,238.0,59.0,2.0,2.0
335.0,Jeroen Suckers,1929.0,189.0,470.0,113.0,89.0,57.0,37.0,10.0,15.0,160.0,66.0,65.0,357.0,238.0,59.0,2.0,2.0
337.0,Nicolas Aubinet,1932.0,279.0,419.0,146.0,89.0,57.0,37.0,10.0,15.0,143.0,66.0,59.0,311.0,238.0,59.0,2.0,2.0
338.0,JiaHeng Luo (罗嘉珩),1948.0,130.0,470.0,191.0,89.0,57.0,37.0,10.0,15.0,160.0,66.0,65.0,357.0,238.0,59.0,2.0,2.0
339.0,Justin Adam,1950.0,447.0,289.0,191.0,89.0,57.0,37.0,10.0,15.0,160.0,66.0,65.0,223.0,238.0,59.0,2.0,2.0
340.0,Felix Fischer,1952.0,381.0,223.0,191.0,89.0,57.0,37.0,10.0,15.0,160.0,66.0,65.0,357.0,238.0,59.0,2.0,2.0
341.0,Akil Ganesh Kumar,1955.0,137.0,470.0,191.0,89.0,57.0,37.0,10.0,15.0,160.0,66.0,65.0,357.0,238.0,59.0,2.0,2.0
342.0,Nyo De Paepe,1957.0,449.0,371.0,191.0,89.0,57.0,37.0,10.0,15.0,160.0,66.0,65.0,211.0,173.0,59.0,2.0,2.0
343.0,Benoît Deschrijvere,1961.0,371.0,343.0,155.0,89.0,57.0,37.0,10.0,15.0,160.0,44.0,65.0,318.0,238.0,55.0,2.0,2.0
344.0,Haakon Mathot,1963.0,414.0,290.0,191.0,89.0,57.0,37.0,10.0,15.0,160.0,66.0,65.0,268.0,238.0,59.0,2.0,2.0
345.0,Kate Huygen,1965.0,408.0,302.0,191.0,89.0,57.0,37.0,10.0,15.0,160.0,66.0,65.0,264.0,238.0,59.0,2.0,2.0
346.0,Axel Volders,1970.0,202.0,470.0,191.0,89.0,57.0,37.0,10.0,15.0,110.0,66.0,65.0,357.0,238.0,59.0,2.0,2.0
346.0,Noah D'Helft,1970.0,318.0,470.0,191.0,89.0,57.0,37.0,10.0,15.0,160.0,66.0,65.0,277.0,152.0,59.0,2.0,2.0
346.0,Tjen Van Marsenille,1970.0,289.0,470.0,152.0,89.0,57.0,37.0,10.0,15.0,62.0,66.0,65.0,357.0,238.0,59.0,2.0,2.0
349.0,Jamie Laureys,1971.0,153.0,470.0,191.0,89.0,57.0,37.0,10.0,15.0,160.0,66.0,65.0,357.0,238.0,59.0,2.0,2.0
350.0,Arne Lowette,1973.0,390.0,470.0,191.0,89.0,57.0,37.0,10.0,15.0,160.0,66.0,65.0,122.0,238.0,59.0,2.0,2.0
351.0,Sam Luyts,1976.0,444.0,429.0,191.0,89.0,57.0,37.0,10.0,15.0,160.0,66.0,65.0,159.0,191.0,59.0,2.0,2.0
352.0,Viktor Lavaert,1980.0,394.0,238.0,191.0,89.0,57.0,37.0,10.0,15.0,160.0,66.0,65.0,357.0,238.0,59.0,2.0,2.0
352.0,Bart Creemers,1980.0,304.0,328.0,191.0,89.0,57.0,37.0,10.0,15.0,160.0,66.0,65.0,357.0,238.0,59.0,2.0,2.0
354.0,Liam De Voogdt,1981.0,384.0,249.0,191.0,89.0,57.0,37.0,10.0,15.0,160.0,66.0,65.0,357.0,238.0,59.0,2.0,2.0
355.0,Jenne Vanassche,1988.0,366.0,285.0,191.0,89.0,57.0,37.0,10.0,15.0,160.0,66.0,65.0,346.0,238.0,59.0,2.0,2.0
356.0,Alexander Kets,1991.0,356.0,342.0,191.0,89.0,57.0,37.0,10.0,15.0,160.0,66.0,65.0,357.0,183.0,59.0,2.0,2.0
357.0,Ethan Goossens,1996.0,373.0,305.0,191.0,89.0,57.0,37.0,10.0,15.0,160.0,66.0,65.0,357.0,208.0,59.0,2.0,2.0
357.0,Jens De Rijk,1996.0,178.0,470.0,191.0,89.0,57.0,37.0,10.0,15.0,160.0,66.0,65.0,357.0,238.0,59.0,2.0,2.0
359.0,Keenan De Fauw,1997.0,436.0,378.0,191.0,89.0,57.0,37.0,10.0,15.0,160.0,66.0,65.0,244.0,186.0,59.0,2.0,2.0
360.0,Seb Van Haver,1999.0,344.0,367.0,191.0,89.0,57.0,37.0,10.0,15.0,160.0,66.0,65.0,297.0,238.0,59.0,2.0,2.0
361.0,Tommy Van de Velde,2000.0,377.0,275.0,191.0,89.0,57.0,37.0,10.0,15.0,160.0,66.0,65.0,357.0,238.0,59.0,2.0,2.0
361.0,Tuur Steukers,2000.0,286.0,470.0,191.0,89.0,57.0,37.0,10.0,15.0,160.0,66.0,65.0,303.0,188.0,59.0,2.0,2.0
363.0,Keanu Vanhoutte,2001.0,183.0,470.0,191.0,89.0,57.0,37.0,10.0,15.0,160.0,66.0,65.0,357.0,238.0,59.0,2.0,2.0
364.0,Yordi Stephani,2002.0,355.0,299.0,191.0,89.0,57.0,37.0,10.0,15.0,160.0,66.0,65.0,357.0,238.0,59.0,2.0,2.0
365.0,Nicolas Willaert,2003.0,519.0,301.0,191.0,89.0,57.0,37.0,10.0,15.0,160.0,66.0,65.0,357.0,73.0,59.0,2.0,2.0
366.0,Hugo Michel,2010.0,450.0,263.0,191.0,89.0,57.0,37.0,10.0,15.0,160.0,66.0,65.0,357.0,187.0,59.0,2.0,2.0
367.0,Kas Dewulf,2012.0,548.0,426.0,191.0,89.0,57.0,37.0,10.0,15.0,160.0,66.0,65.0,126.0,159.0,59.0,2.0,2.0
367.0,Tom van Loon,2012.0,194.0,470.0,191.0,89.0,57.0,37.0,10.0,15.0,160.0,66.0,65.0,357.0,238.0,59.0,2.0,2.0
369.0,Wolf Depret,2014.0,196.0,470.0,191.0,89.0,57.0,37.0,10.0,15.0,160.0,66.0,65.0,357.0,238.0,59.0,2.0,2.0
370.0,Mohamed Amine Akhayad Mourabit,2015.0,531.0,430.0,191.0,89.0,57.0,37.0,10.0,15.0,160.0,66.0,65.0,171.0,130.0,59.0,2.0,2.0
371.0,Henry Chen,2017.0,199.0,470.0,191.0,89.0,57.0,37.0,10.0,15.0,160.0,66.0,65.0,357.0,238.0,59.0,2.0,2.0
372.0,Nico Viaene,2019.0,237.0,470.0,169.0,86.0,57.0,37.0,10.0,15.0,149.0,66.0,65.0,357.0,238.0,59.0,2.0,2.0
373.0,Christian Vandeput,2021.0,424.0,354.0,191.0,89.0,57.0,37.0,10.0,15.0,160.0,66.0,65.0,273.0,217.0,59.0,2.0,2.0
373.0,Indra Eliza Joanna Maria Hulsmans,2021.0,203.0,470.0,191.0,89.0,57.0,37.0,10.0,15.0,160.0,66.0,65.0,357.0,238.0,59.0,2.0,2.0
375.0,Johana Amadori,2029.0,473.0,373.0,191.0,89.0,57.0,37.0,10.0,15.0,160.0,66.0,65.0,254.0,176.0,59.0,2.0,2.0
375.0,Bram Eloot,2029.0,211.0,470.0,191.0,89.0,57.0,37.0,10.0,15.0,160.0,66.0,65.0,357.0,238.0,59.0,2.0,2.0
375.0,Nicolas Cornette,2029.0,322.0,359.0,191.0,89.0,57.0,37.0,10.0,15.0,160.0,66.0,65.0,357.0,238.0,59.0,2.0,2.0
378.0,Sander Vermeulen,2033.0,353.0,336.0,191.0,89.0,57.0,37.0,10.0,15.0,160.0,66.0,65.0,357.0,234.0,59.0,2.0,2.0
379.0,Vincent Marinelli,2039.0,296.0,395.0,191.0,89.0,57.0,37.0,10.0,15.0,160.0,66.0,65.0,357.0,238.0,59.0,2.0,2.0
379.0,Yarno Lapin,2039.0,221.0,470.0,191.0,89.0,57.0,37.0,10.0,15.0,160.0,66.0,65.0,357.0,238.0,59.0,2.0,2.0
381.0,Julien Milants,2045.0,227.0,470.0,191.0,89.0,57.0,37.0,10.0,15.0,160.0,66.0,65.0,357.0,238.0,59.0,2.0,2.0
382.0,Jander Clerix,2049.0,269.0,470.0,153.0,89.0,57.0,37.0,10.0,15.0,160.0,66.0,65.0,357.0,238.0,59.0,2.0,2.0
382.0,Frank Suys,2049.0,231.0,470.0,191.0,89.0,57.0,37.0,10.0,15.0,160.0,66.0,65.0,357.0,238.0,59.0,2.0,2.0
384.0,Francesco Van den Boeck,2051.0,383.0,320.0,191.0,89.0,57.0,37.0,10.0,15.0,160.0,66.0,65.0,357.0,238.0,59.0,2.0,2.0
385.0,Matías Barreto,2055.0,359.0,348.0,191.0,89.0,57.0,37.0,10.0,15.0,160.0,66.0,65.0,357.0,238.0,59.0,2.0,2.0
385.0,Josse Cuinen,2055.0,542.0,316.0,191.0,89.0,57.0,37.0,10.0,15.0,160.0,66.0,65.0,300.0,144.0,59.0,2.0,2.0
387.0,Sander Hendrickx,2057.0,396.0,366.0,191.0,89.0,57.0,37.0,10.0,15.0,160.0,13.0,65.0,357.0,238.0,59.0,2.0,2.0
388.0,Tom Zanin,2059.0,299.0,470.0,191.0,89.0,57.0,37.0,10.0,15.0,160.0,66.0,65.0,357.0,180.0,59.0,2.0,2.0
389.0,Andy Xu,2066.0,348.0,370.0,191.0,89.0,57.0,37.0,10.0,15.0,160.0,66.0,65.0,357.0,238.0,59.0,2.0,2.0
390.0,Arthur Vandercammen,2067.0,453.0,266.0,191.0,89.0,57.0,37.0,10.0,15.0,160.0,66.0,65.0,357.0,238.0,59.0,2.0,2.0
391.0,Tristan de Bodt,2068.0,502.0,369.0,191.0,89.0,57.0,37.0,10.0,15.0,160.0,66.0,65.0,212.0,232.0,59.0,2.0,2.0
392.0,Senne Staelens,2069.0,428.0,334.0,191.0,89.0,57.0,37.0,10.0,15.0,160.0,66.0,65.0,327.0,227.0,59.0,2.0,2.0
392.0,Simon Mertens,2069.0,389.0,332.0,191.0,89.0,57.0,37.0,10.0,15.0,160.0,66.0,65.0,357.0,238.0,59.0,2.0,2.0
394.0,Richard Verrycken,2070.0,346.0,376.0,191.0,89.0,57.0,37.0,10.0,15.0,160.0,66.0,65.0,357.0,238.0,59.0,2.0,2.0
395.0,Lucas Vercruysse,2071.0,357.0,470.0,191.0,89.0,57.0,37.0,10.0,15.0,160.0,66.0,65.0,357.0,134.0,59.0,2.0,2.0
396.0,Matthias Van De Velde,2073.0,255.0,470.0,191.0,89.0,57.0,37.0,10.0,15.0,160.0,66.0,65.0,357.0,238.0,59.0,2.0,2.0
397.0,Lee-Liam Heusdens,2079.0,386.0,375.0,161.0,89.0,57.0,37.0,10.0,15.0,160.0,66.0,65.0,357.0,238.0,59.0,2.0,2.0
398.0,Jesse Van Moerbeke,2080.0,439.0,470.0,191.0,89.0,57.0,37.0,10.0,15.0,160.0,66.0,65.0,180.0,238.0,59.0,2.0,2.0
399.0,Sandrina Martens,2083.0,490.0,345.0,191.0,89.0,57.0,37.0,10.0,15.0,160.0,66.0,65.0,324.0,171.0,59.0,2.0,2.0
400.0,William Dumoulin,2084.0,400.0,336.0,191.0,89.0,57.0,37.0,10.0,15.0,160.0,66.0,65.0,357.0,238.0,59.0,2.0,2.0
400.0,Tristan Cottam,2084.0,523.0,338.0,191.0,89.0,57.0,37.0,10.0,15.0,160.0,66.0,65.0,232.0,238.0,59.0,2.0,2.0
402.0,Yanniko Zhechev,2086.0,388.0,470.0,191.0,89.0,57.0,37.0,10.0,15.0,160.0,66.0,65.0,237.0,238.0,59.0,2.0,2.0
403.0,David Bolsée,2088.0,325.0,427.0,182.0,89.0,57.0,37.0,10.0,15.0,157.0,66.0,65.0,357.0,238.0,59.0,2.0,2.0
403.0,Robin De Vylder,2088.0,393.0,361.0,191.0,89.0,57.0,37.0,10.0,15.0,160.0,66.0,65.0,343.0,238.0,59.0,2.0,2.0
403.0,Nico van den Berg,2088.0,270.0,470.0,191.0,89.0,57.0,37.0,10.0,15.0,160.0,66.0,65.0,357.0,238.0,59.0,2.0,2.0
403.0,Cassandra Berndt,2088.0,599.0,317.0,191.0,89.0,57.0,37.0,10.0,15.0,160.0,53.0,65.0,194.0,238.0,59.0,2.0,2.0
407.0,Corentin Uhoda,2092.0,421.0,323.0,191.0,89.0,57.0,37.0,10.0,15.0,160.0,66.0,65.0,357.0,238.0,59.0,2.0,2.0
408.0,Krishang Sahay,2093.0,275.0,470.0,191.0,89.0,57.0,37.0,10.0,15.0,160.0,66.0,65.0,357.0,238.0,59.0,2.0,2.0
409.0,Merlin Feider,2094.0,437.0,470.0,191.0,89.0,57.0,37.0,10.0,15.0,160.0,66.0,65.0,196.0,238.0,59.0,2.0,2.0
410.0,Jonathan Vanbrabant,2095.0,277.0,470.0,191.0,89.0,57.0,37.0,10.0,15.0,160.0,66.0,65.0,357.0,238.0,59.0,2.0,2.0
411.0,Leon Martlé,2099.0,281.0,470.0,191.0,89.0,57.0,37.0,10.0,15.0,160.0,66.0,65.0,357.0,238.0,59.0,2.0,2.0
411.0,Yannick Colle,2099.0,451.0,392.0,191.0,89.0,57.0,37.0,10.0,15.0,160.0,66.0,65.0,265.0,238.0,59.0,2.0,2.0
413.0,Manuël Teuns,2102.0,284.0,470.0,191.0,89.0,57.0,37.0,10.0,15.0,160.0,66.0,65.0,357.0,238.0,59.0,2.0,2.0
414.0,Brandon Vanthournout,2104.0,474.0,282.0,191.0,89.0,57.0,37.0,10.0,15.0,160.0,66.0,65.0,357.0,238.0,59.0,2.0,2.0
414.0,Ilias Seifert,2104.0,511.0,470.0,191.0,89.0,57.0,37.0,10.0,15.0,160.0,66.0,65.0,132.0,238.0,59.0,2.0,2.0
416.0,Emiel Ghelani Decorte,2105.0,486.0,329.0,191.0,89.0,57.0,37.0,10.0,15.0,160.0,66.0,65.0,328.0,209.0,59.0,2.0,2.0
417.0,Thorsten Cardoen,2108.0,290.0,470.0,191.0,89.0,57.0,37.0,10.0,15.0,160.0,66.0,65.0,357.0,238.0,59.0,2.0,2.0
417.0,Parsa Moradashkafti,2108.0,484.0,402.0,191.0,89.0,57.0,37.0,10.0,15.0,160.0,66.0,65.0,231.0,238.0,59.0,2.0,2.0
419.0,Matteo Alcantarini,2109.0,291.0,470.0,191.0,89.0,57.0,37.0,10.0,15.0,160.0,66.0,65.0,357.0,238.0,59.0,2.0,2.0
420.0,Victor Nizet,2110.0,292.0,470.0,191.0,89.0,57.0,37.0,10.0,15.0,160.0,66.0,65.0,357.0,238.0,59.0,2.0,2.0
421.0,Marko Vinchent,2112.0,294.0,470.0,191.0,89.0,57.0,37.0,10.0,15.0,160.0,66.0,65.0,357.0,238.0,59.0,2.0,2.0
422.0,Ilya Vandorpe,2119.0,446.0,374.0,191.0,89.0,57.0,37.0,10.0,15.0,160.0,66.0,65.0,323.0,223.0,59.0,2.0,2.0
423.0,Carole Duray,2120.0,302.0,470.0,191.0,89.0,57.0,37.0,10.0,15.0,160.0,66.0,65.0,357.0,238.0,59.0,2.0,2.0
423.0,Arne Leysen,2120.0,382.0,470.0,191.0,89.0,57.0,37.0,10.0,15.0,160.0,66.0,65.0,357.0,158.0,59.0,2.0,2.0
425.0,Ben Winkeler,2122.0,330.0,453.0,189.0,89.0,57.0,37.0,10.0,15.0,160.0,66.0,65.0,355.0,238.0,54.0,2.0,2.0
425.0,Boris Fontaine,2122.0,392.0,382.0,191.0,89.0,57.0,37.0,10.0,15.0,160.0,66.0,65.0,357.0,238.0,59.0,2.0,2.0
425.0,Jayden Brouwers,2122.0,493.0,331.0,191.0,89.0,57.0,37.0,10.0,15.0,160.0,66.0,65.0,307.0,238.0,59.0,2.0,2.0
425.0,Olivier Marechal,2122.0,422.0,352.0,191.0,89.0,57.0,37.0,10.0,15.0,160.0,66.0,65.0,357.0,238.0,59.0,2.0,2.0
429.0,Hannah Claus,2123.0,510.0,412.0,191.0,89.0,57.0,37.0,10.0,15.0,160.0,66.0,65.0,210.0,238.0,59.0,2.0,2.0
430.0,Amir Mohammad Jazaeri,2124.0,306.0,470.0,191.0,89.0,57.0,37.0,10.0,15.0,160.0,66.0,65.0,357.0,238.0,59.0,2.0,2.0
431.0,Fabrice Baumgarten,2125.0,429.0,425.0,188.0,89.0,57.0,37.0,10.0,15.0,159.0,66.0,65.0,284.0,238.0,59.0,2.0,2.0
432.0,Lucas Ceuppens,2127.0,687.0,309.0,191.0,89.0,57.0,37.0,10.0,15.0,160.0,66.0,65.0,140.0,238.0,59.0,2.0,2.0
433.0,Geo Van Rode,2128.0,341.0,439.0,191.0,89.0,57.0,37.0,10.0,15.0,160.0,66.0,65.0,357.0,238.0,59.0,2.0,2.0
434.0,Steven Van Overberghe,2130.0,483.0,335.0,191.0,89.0,57.0,37.0,10.0,15.0,160.0,66.0,65.0,321.0,238.0,59.0,2.0,2.0
435.0,Gabi Claude,2131.0,313.0,470.0,191.0,89.0,57.0,37.0,10.0,15.0,160.0,66.0,65.0,357.0,238.0,59.0,2.0,2.0
436.0,Augustin Willem,2134.0,316.0,470.0,191.0,89.0,57.0,37.0,10.0,15.0,160.0,66.0,65.0,357.0,238.0,59.0,2.0,2.0
436.0,Josiah Bonin,2134.0,533.0,396.0,191.0,89.0,57.0,37.0,10.0,15.0,160.0,66.0,65.0,214.0,238.0,59.0,2.0,2.0
438.0,Izabella Roszko,2137.0,454.0,409.0,191.0,89.0,57.0,37.0,10.0,15.0,160.0,66.0,65.0,306.0,215.0,59.0,2.0,2.0
439.0,Aymeric Englebert,2138.0,327.0,470.0,191.0,89.0,57.0,37.0,10.0,15.0,153.0,66.0,65.0,357.0,238.0,59.0,2.0,2.0
439.0,Clyde Reymen,2138.0,361.0,470.0,191.0,89.0,57.0,37.0,10.0,15.0,160.0,66.0,65.0,357.0,197.0,59.0,2.0,2.0
441.0,Simon Desobry,2140.0,492.0,364.0,191.0,89.0,57.0,37.0,10.0,15.0,160.0,66.0,65.0,293.0,238.0,59.0,2.0,2.0
442.0,Leander Nuytinck,2141.0,323.0,470.0,191.0,89.0,57.0,37.0,10.0,15.0,160.0,66.0,65.0,357.0,238.0,59.0,2.0,2.0
443.0,Robin Depoortere,2142.0,430.0,364.0,191.0,89.0,57.0,37.0,10.0,15.0,160.0,66.0,65.0,357.0,238.0,59.0,2.0,2.0
444.0,Luca Massimo,2143.0,499.0,372.0,191.0,89.0,57.0,37.0,10.0,15.0,160.0,66.0,65.0,281.0,238.0,59.0,2.0,2.0
445.0,Victor Ploegaerts,2144.0,326.0,470.0,191.0,89.0,57.0,37.0,10.0,15.0,160.0,66.0,65.0,357.0,238.0,59.0,2.0,2.0
446.0,Mats Thys,2147.0,329.0,470.0,191.0,89.0,57.0,37.0,10.0,15.0,160.0,66.0,65.0,357.0,238.0,59.0,2.0,2.0
447.0,Tore Ladika,2148.0,331.0,470.0,191.0,89.0,57.0,37.0,10.0,15.0,160.0,65.0,65.0,357.0,238.0,59.0,2.0,2.0
448.0,Sam Lambrechts,2149.0,561.0,420.0,191.0,89.0,57.0,37.0,10.0,15.0,160.0,66.0,65.0,177.0,238.0,59.0,2.0,2.0
449.0,Aloïs Peltier,2150.0,332.0,470.0,191.0,89.0,57.0,37.0,10.0,15.0,160.0,66.0,65.0,357.0,238.0,59.0,2.0,2.0
449.0,Tania Shafiei,2150.0,426.0,404.0,191.0,89.0,57.0,37.0,10.0,15.0,160.0,66.0,65.0,334.0,233.0,59.0,2.0,2.0
451.0,Antoine Fensie,2152.0,460.0,344.0,191.0,89.0,57.0,37.0,10.0,15.0,160.0,66.0,65.0,357.0,238.0,59.0,2.0,2.0
452.0,Liam Spitaels,2153.0,506.0,441.0,191.0,89.0,57.0,37.0,10.0,15.0,160.0,66.0,65.0,215.0,238.0,59.0,2.0,2.0
452.0,Luca Hoferlin,2153.0,335.0,470.0,191.0,89.0,57.0,37.0,10.0,15.0,160.0,66.0,65.0,357.0,238.0,59.0,2.0,2.0
452.0,Matthew-John Marginet,2153.0,509.0,417.0,191.0,89.0,57.0,37.0,10.0,15.0,160.0,66.0,65.0,236.0,238.0,59.0,2.0,2.0
455.0,Andreas Vanhoutte,2155.0,337.0,470.0,191.0,89.0,57.0,37.0,10.0,15.0,160.0,66.0,65.0,357.0,238.0,59.0,2.0,2.0
456.0,Ludovic Vissenaekens,2156.0,353.0,470.0,191.0,89.0,57.0,37.0,10.0,15.0,160.0,66.0,65.0,342.0,238.0,59.0,2.0,2.0
457.0,Stijn van Gils,2157.0,339.0,470.0,191.0,89.0,57.0,37.0,10.0,15.0,160.0,66.0,65.0,357.0,238.0,59.0,2.0,2.0
458.0,Robert Vanden Eynde,2159.0,472.0,384.0,191.0,89.0,57.0,37.0,10.0,15.0,160.0,66.0,65.0,319.0,231.0,59.0,2.0,2.0
458.0,Lyo Soetens,2159.0,455.0,356.0,191.0,89.0,57.0,37.0,10.0,15.0,160.0,66.0,65.0,357.0,238.0,59.0,2.0,2.0
460.0,Stig Michielsen,2160.0,565.0,470.0,191.0,89.0,57.0,37.0,10.0,15.0,160.0,66.0,65.0,203.0,169.0,59.0,2.0,2.0
461.0,Noé Symons,2161.0,566.0,247.0,191.0,89.0,57.0,37.0,10.0,15.0,160.0,66.0,65.0,357.0,238.0,59.0,2.0,2.0
462.0,Alexander D'hont,2162.0,687.0,470.0,191.0,89.0,57.0,37.0,10.0,15.0,160.0,66.0,15.0,64.0,238.0,59.0,2.0,2.0
463.0,Alexander Meganck,2163.0,462.0,359.0,191.0,89.0,57.0,37.0,10.0,15.0,160.0,60.0,65.0,357.0,238.0,59.0,2.0,2.0
463.0,Bart Schaek,2163.0,406.0,431.0,177.0,81.0,57.0,37.0,10.0,15.0,160.0,66.0,65.0,357.0,238.0,59.0,2.0,2.0
465.0,Bent Janssen,2178.0,360.0,470.0,191.0,89.0,57.0,37.0,10.0,15.0,160.0,66.0,65.0,357.0,238.0,59.0,2.0,2.0
466.0,Pryam Brouns,2180.0,362.0,470.0,191.0,89.0,57.0,37.0,10.0,15.0,160.0,66.0,65.0,357.0,238.0,59.0,2.0,2.0
467.0,Achille Wallem,2185.0,513.0,324.0,191.0,89.0,57.0,37.0,10.0,15.0,160.0,66.0,65.0,357.0,238.0,59.0,2.0,2.0
468.0,Thomas Lagast,2186.0,488.0,350.0,191.0,89.0,57.0,37.0,10.0,15.0,160.0,66.0,65.0,357.0,238.0,59.0,2.0,2.0
469.0,Wim Lambrechts,2193.0,440.0,405.0,191.0,89.0,57.0,37.0,10.0,15.0,160.0,66.0,65.0,357.0,238.0,59.0,2.0,2.0
470.0,Loen Van Walle,2196.0,578.0,421.0,191.0,89.0,57.0,37.0,10.0,15.0,160.0,66.0,65.0,206.0,238.0,59.0,2.0,2.0
471.0,Gisèle Antonutti,2197.0,379.0,470.0,191.0,89.0,57.0,37.0,10.0,15.0,160.0,66.0,65.0,357.0,238.0,59.0,2.0,2.0
472.0,Mergan Mattijs,2198.0,380.0,470.0,191.0,89.0,57.0,37.0,10.0,15.0,160.0,66.0,65.0,357.0,238.0,59.0,2.0,2.0
473.0,Kristian Nersesyan,2199.0,496.0,355.0,191.0,89.0,57.0,37.0,10.0,15.0,160.0,66.0,65.0,357.0,238.0,59.0,2.0,2.0
474.0,Antoine Janssens,2200.0,543.0,407.0,191.0,89.0,57.0,37.0,10.0,15.0,160.0,66.0,65.0,259.0,238.0,59.0,2.0,2.0
474.0,Jari Fadeux,2200.0,442.0,410.0,191.0,89.0,57.0,37.0,10.0,15.0,160.0,66.0,65.0,357.0,238.0,59.0,2.0,2.0
476.0,Maarten Cuypers,2202.0,384.0,470.0,191.0,89.0,57.0,37.0,10.0,15.0,160.0,66.0,65.0,357.0,238.0,59.0,2.0,2.0
477.0,Laurent Carlier,2205.0,512.0,388.0,191.0,89.0,57.0,37.0,10.0,15.0,160.0,66.0,65.0,314.0,238.0,59.0,2.0,2.0
478.0,Chloë De Carli,2207.0,403.0,470.0,191.0,89.0,57.0,37.0,10.0,15.0,160.0,52.0,65.0,357.0,238.0,59.0,2.0,2.0
478.0,Gaspard Jaumotte,2207.0,456.0,470.0,191.0,89.0,57.0,37.0,10.0,15.0,93.0,66.0,65.0,357.0,238.0,59.0,2.0,2.0
480.0,Sreevardhan Chakravarthula,2210.0,567.0,295.0,191.0,89.0,57.0,37.0,10.0,15.0,160.0,66.0,65.0,357.0,238.0,59.0,2.0,2.0
481.0,Noémie Heroes,2211.0,435.0,437.0,191.0,89.0,57.0,37.0,10.0,15.0,160.0,66.0,65.0,348.0,238.0,59.0,2.0,2.0
482.0,Nick Vandersteegen,2212.0,614.0,250.0,191.0,89.0,57.0,37.0,10.0,15.0,160.0,66.0,65.0,357.0,238.0,59.0,2.0,2.0
483.0,Wim Versleegers,2213.0,395.0,470.0,191.0,89.0,57.0,37.0,10.0,15.0,160.0,66.0,65.0,357.0,238.0,59.0,2.0,2.0
484.0,Sören Meysman,2215.0,397.0,470.0,191.0,89.0,57.0,37.0,10.0,15.0,160.0,66.0,65.0,357.0,238.0,59.0,2.0,2.0
485.0,Lou Schillewaert,2216.0,478.0,390.0,191.0,89.0,57.0,37.0,10.0,15.0,160.0,66.0,65.0,357.0,238.0,59.0,2.0,2.0
485.0,Maxim Cox,2216.0,398.0,470.0,191.0,89.0,57.0,37.0,10.0,15.0,160.0,66.0,65.0,357.0,238.0,59.0,2.0,2.0
487.0,Mathias Imans,2217.0,399.0,470.0,191.0,89.0,57.0,37.0,10.0,15.0,160.0,66.0,65.0,357.0,238.0,59.0,2.0,2.0
487.0,Dennis Verbraeken,2217.0,581.0,393.0,191.0,89.0,57.0,37.0,10.0,15.0,160.0,66.0,65.0,279.0,211.0,59.0,2.0,2.0
489.0,Boyan Xie,2219.0,571.0,438.0,191.0,89.0,57.0,37.0,10.0,15.0,160.0,66.0,65.0,219.0,238.0,59.0,2.0,2.0
490.0,Victor Sabet,2220.0,402.0,470.0,191.0,89.0,57.0,37.0,10.0,15.0,160.0,66.0,65.0,357.0,238.0,59.0,2.0,2.0
491.0,Lionel van Gelder,2222.0,404.0,470.0,191.0,89.0,57.0,37.0,10.0,15.0,160.0,66.0,65.0,357.0,238.0,59.0,2.0,2.0
492.0,Joke Roels,2223.0,530.0,470.0,191.0,89.0,57.0,37.0,10.0,15.0,160.0,66.0,65.0,232.0,238.0,59.0,2.0,2.0
492.0,Jules Deblauwe,2223.0,546.0,470.0,191.0,89.0,57.0,37.0,10.0,15.0,160.0,66.0,65.0,234.0,220.0,59.0,2.0,2.0
494.0,Elias Lint,2225.0,552.0,394.0,191.0,89.0,57.0,37.0,10.0,15.0,160.0,66.0,65.0,288.0,238.0,59.0,2.0,2.0
494.0,Antoine Lamblotte,2225.0,407.0,470.0,191.0,89.0,57.0,37.0,10.0,15.0,160.0,66.0,65.0,357.0,238.0,59.0,2.0,2.0
496.0,Arne Waterschoot,2227.0,409.0,470.0,191.0,89.0,57.0,37.0,10.0,15.0,160.0,66.0,65.0,357.0,238.0,59.0,2.0,2.0
497.0,Eliot Verbeelen,2232.0,523.0,462.0,191.0,89.0,57.0,37.0,10.0,15.0,160.0,66.0,65.0,268.0,226.0,59.0,2.0,2.0
498.0,Amos De Planter,2233.0,415.0,470.0,191.0,89.0,57.0,37.0,10.0,15.0,160.0,66.0,65.0,357.0,238.0,59.0,2.0,2.0
499.0,Robbe Van Ammel,2235.0,529.0,400.0,191.0,89.0,57.0,37.0,10.0,15.0,160.0,66.0,65.0,315.0,238.0,59.0,2.0,2.0
499.0,Alessio Bortolami,2235.0,417.0,470.0,191.0,89.0,57.0,37.0,10.0,15.0,160.0,66.0,65.0,357.0,238.0,59.0,2.0,2.0
499.0,Lowie Van den Broeck,2235.0,417.0,470.0,191.0,89.0,57.0,37.0,10.0,15.0,160.0,66.0,65.0,357.0,238.0,59.0,2.0,2.0
502.0,Victor Cornoedus,2236.0,520.0,368.0,191.0,89.0,57.0,37.0,10.0,15.0,160.0,66.0,65.0,357.0,238.0,59.0,2.0,2.0
503.0,Lars Fastré,2241.0,423.0,470.0,191.0,89.0,57.0,37.0,10.0,15.0,160.0,66.0,65.0,357.0,238.0,59.0,2.0,2.0
504.0,Basile Defoeux,2242.0,625.0,467.0,191.0,89.0,57.0,37.0,10.0,15.0,160.0,66.0,65.0,159.0,238.0,59.0,2.0,2.0
505.0,Ram Steenhaut,2243.0,425.0,470.0,191.0,89.0,57.0,37.0,10.0,15.0,160.0,66.0,65.0,357.0,238.0,59.0,2.0,2.0
506.0,Elias de Saeger,2245.0,498.0,399.0,191.0,89.0,57.0,37.0,10.0,15.0,160.0,66.0,65.0,357.0,238.0,59.0,2.0,2.0
506.0,Andreas de Lille,2245.0,427.0,470.0,191.0,89.0,57.0,37.0,10.0,15.0,160.0,66.0,65.0,357.0,238.0,59.0,2.0,2.0
508.0,Jasper Van den Broeck,2247.0,508.0,391.0,191.0,89.0,57.0,37.0,10.0,15.0,160.0,66.0,65.0,357.0,238.0,59.0,2.0,2.0
509.0,Tjebbe Goossens,2250.0,432.0,470.0,191.0,89.0,57.0,37.0,10.0,15.0,160.0,66.0,65.0,357.0,238.0,59.0,2.0,2.0
509.0,Seppe Malomgré,2250.0,687.0,457.0,191.0,89.0,57.0,37.0,10.0,15.0,160.0,66.0,65.0,115.0,238.0,59.0,2.0,2.0
509.0,Timothy De Beule,2250.0,460.0,442.0,191.0,89.0,57.0,37.0,10.0,15.0,160.0,66.0,65.0,357.0,238.0,59.0,2.0,2.0
512.0,Lucas Triana,2251.0,433.0,470.0,191.0,89.0,57.0,37.0,10.0,15.0,160.0,66.0,65.0,357.0,238.0,59.0,2.0,2.0
513.0,Matthias Van den Heuvel,2252.0,434.0,470.0,191.0,89.0,57.0,37.0,10.0,15.0,160.0,66.0,65.0,357.0,238.0,59.0,2.0,2.0
513.0,Lucas Van Dyck,2252.0,521.0,383.0,191.0,89.0,57.0,37.0,10.0,15.0,160.0,66.0,65.0,357.0,238.0,59.0,2.0,2.0
515.0,Daan Vanuytven,2256.0,438.0,470.0,191.0,89.0,57.0,37.0,10.0,15.0,160.0,66.0,65.0,357.0,238.0,59.0,2.0,2.0
515.0,Daan Vanbrabant,2256.0,480.0,428.0,191.0,89.0,57.0,37.0,10.0,15.0,160.0,66.0,65.0,357.0,238.0,59.0,2.0,2.0
517.0,Robbe Bekaert,2259.0,572.0,381.0,191.0,89.0,57.0,37.0,10.0,15.0,160.0,66.0,65.0,325.0,228.0,59.0,2.0,2.0
517.0,Alexandre Godart,2259.0,441.0,470.0,191.0,89.0,57.0,37.0,10.0,15.0,160.0,66.0,65.0,357.0,238.0,59.0,2.0,2.0
517.0,Olivier Mary,2259.0,468.0,445.0,191.0,89.0,57.0,37.0,10.0,15.0,158.0,66.0,65.0,357.0,238.0,59.0,2.0,2.0
520.0,Tim Deboel,2261.0,443.0,470.0,191.0,89.0,57.0,37.0,10.0,15.0,160.0,66.0,65.0,357.0,238.0,59.0,2.0,2.0
521.0,Richart Nathan,2262.0,527.0,387.0,191.0,89.0,57.0,37.0,10.0,15.0,160.0,66.0,65.0,357.0,238.0,59.0,2.0,2.0
522.0,Nathan Eykens,2263.0,445.0,470.0,191.0,89.0,57.0,37.0,10.0,15.0,160.0,66.0,65.0,357.0,238.0,59.0,2.0,2.0
523.0,Arne Steve Van Bunder,2264.0,623.0,403.0,191.0,89.0,57.0,37.0,10.0,15.0,160.0,66.0,65.0,247.0,238.0,59.0,2.0,2.0
524.0,Xander Allemand,2266.0,636.0,347.0,191.0,89.0,57.0,37.0,10.0,15.0,160.0,66.0,65.0,292.0,238.0,59.0,2.0,2.0
525.0,Linde Marie Monbaliu,2267.0,534.0,385.0,191.0,89.0,57.0,37.0,10.0,15.0,160.0,66.0,65.0,357.0,238.0,59.0,2.0,2.0
526.0,Victor Van Landuyt,2269.0,687.0,413.0,191.0,89.0,57.0,37.0,10.0,15.0,160.0,66.0,65.0,178.0,238.0,59.0,2.0,2.0
526.0,Hanna Theys,2269.0,515.0,406.0,191.0,89.0,57.0,37.0,10.0,15.0,160.0,66.0,65.0,357.0,238.0,59.0,2.0,2.0
528.0,Caroline Jamin,2270.0,452.0,470.0,191.0,89.0,57.0,37.0,10.0,15.0,160.0,66.0,65.0,357.0,238.0,59.0,2.0,2.0
528.0,Rik Cauwelaers,2270.0,514.0,408.0,191.0,89.0,57.0,37.0,10.0,15.0,160.0,66.0,65.0,357.0,238.0,59.0,2.0,2.0
530.0,Thijs Ilsbroux,2272.0,575.0,349.0,191.0,89.0,57.0,37.0,10.0,15.0,160.0,66.0,65.0,357.0,238.0,59.0,2.0,2.0
531.0,Cyril Bataille,2274.0,550.0,376.0,191.0,89.0,57.0,37.0,10.0,15.0,160.0,66.0,65.0,357.0,238.0,59.0,2.0,2.0
532.0,Simon Van Schuylenbergh,2275.0,457.0,470.0,191.0,89.0,57.0,37.0,10.0,15.0,160.0,66.0,65.0,357.0,238.0,59.0,2.0,2.0
533.0,Joris Swennen,2276.0,476.0,452.0,191.0,89.0,57.0,37.0,10.0,15.0,160.0,66.0,65.0,357.0,238.0,59.0,2.0,2.0
534.0,Andy Gillet,2281.0,463.0,470.0,191.0,89.0,57.0,37.0,10.0,15.0,160.0,66.0,65.0,357.0,238.0,59.0,2.0,2.0
535.0,Rune De Bode,2282.0,464.0,470.0,191.0,89.0,57.0,37.0,10.0,15.0,160.0,66.0,65.0,357.0,238.0,59.0,2.0,2.0
536.0,Wout Janssens,2284.0,522.0,449.0,191.0,89.0,57.0,37.0,10.0,15.0,160.0,66.0,65.0,322.0,238.0,59.0,2.0,2.0
537.0,Adam Erwann,2285.0,467.0,470.0,191.0,89.0,57.0,37.0,10.0,15.0,160.0,66.0,65.0,357.0,238.0,59.0,2.0,2.0
537.0,Vic Heyns,2285.0,586.0,434.0,191.0,89.0,57.0,37.0,10.0,15.0,160.0,66.0,65.0,274.0,238.0,59.0,2.0,2.0
539.0,Kenneth Smets,2287.0,469.0,470.0,191.0,89.0,57.0,37.0,10.0,15.0,160.0,66.0,65.0,357.0,238.0,59.0,2.0,2.0
539.0,Iben Smolders,2287.0,585.0,440.0,191.0,89.0,57.0,37.0,10.0,15.0,160.0,66.0,65.0,271.0,238.0,59.0,2.0,2.0
539.0,Jarne Renders,2287.0,538.0,401.0,191.0,89.0,57.0,37.0,10.0,15.0,160.0,66.0,65.0,357.0,238.0,59.0,2.0,2.0
542.0,Theofilou Philippe Zamilan,2289.0,621.0,422.0,191.0,89.0,57.0,37.0,10.0,15.0,160.0,66.0,65.0,255.0,238.0,59.0,2.0,2.0
543.0,Juan Antonio Puyo Aparicio,2295.0,477.0,470.0,191.0,89.0,57.0,37.0,10.0,15.0,160.0,66.0,65.0,357.0,238.0,59.0,2.0,2.0
544.0,Fabio Alberto Gavilan Y. Alvarez,2297.0,479.0,470.0,191.0,89.0,57.0,37.0,10.0,15.0,160.0,66.0,65.0,357.0,238.0,59.0,2.0,2.0
544.0,Antoine Jabé,2297.0,556.0,451.0,191.0,89.0,57.0,37.0,10.0,15.0,160.0,66.0,65.0,299.0,238.0,59.0,2.0,2.0
546.0,Nathan Hameeuw,2298.0,562.0,470.0,191.0,89.0,57.0,37.0,10.0,15.0,160.0,66.0,65.0,275.0,238.0,59.0,2.0,2.0
547.0,Jennifer Smans,2299.0,588.0,424.0,191.0,89.0,57.0,37.0,10.0,15.0,160.0,66.0,65.0,296.0,238.0,59.0,2.0,2.0
547.0,Thomas Bolsée,2299.0,481.0,470.0,191.0,89.0,57.0,37.0,10.0,15.0,160.0,66.0,65.0,357.0,238.0,59.0,2.0,2.0
547.0,Liesl Weinberger,2299.0,536.0,443.0,191.0,89.0,57.0,37.0,10.0,15.0,160.0,66.0,65.0,329.0,238.0,59.0,2.0,2.0
550.0,Raphaël Verstraeten,2300.0,482.0,470.0,191.0,89.0,57.0,37.0,10.0,15.0,160.0,66.0,65.0,357.0,238.0,59.0,2.0,2.0
551.0,Alexander van Puyvelde,2301.0,558.0,470.0,191.0,89.0,57.0,37.0,10.0,15.0,160.0,66.0,65.0,298.0,222.0,59.0,2.0,2.0
552.0,Daniel Nys,2303.0,485.0,470.0,191.0,89.0,57.0,37.0,10.0,15.0,160.0,66.0,65.0,357.0,238.0,59.0,2.0,2.0
553.0,Ali El Fantroussi,2304.0,541.0,415.0,191.0,89.0,57.0,37.0,10.0,15.0,160.0,66.0,65.0,357.0,238.0,59.0,2.0,2.0
554.0,Ruud Hardy,2305.0,487.0,470.0,191.0,89.0,57.0,37.0,10.0,15.0,160.0,66.0,65.0,357.0,238.0,59.0,2.0,2.0
554.0,Maximilien Géonet,2305.0,600.0,357.0,191.0,89.0,57.0,37.0,10.0,15.0,160.0,66.0,65.0,357.0,238.0,59.0,2.0,2.0
556.0,Brice Vanhée,2306.0,489.0,470.0,190.0,89.0,57.0,37.0,10.0,15.0,160.0,66.0,65.0,357.0,238.0,59.0,2.0,2.0
557.0,Casper De Smet,2312.0,494.0,470.0,191.0,89.0,57.0,37.0,10.0,15.0,160.0,66.0,65.0,357.0,238.0,59.0,2.0,2.0
558.0,Vern Van Raemdonck,2313.0,495.0,470.0,191.0,89.0,57.0,37.0,10.0,15.0,160.0,66.0,65.0,357.0,238.0,59.0,2.0,2.0
559.0,Tristan Aquilina,2315.0,497.0,470.0,191.0,89.0,57.0,37.0,10.0,15.0,160.0,66.0,65.0,357.0,238.0,59.0,2.0,2.0
560.0,Nathan Evrard,2316.0,555.0,416.0,191.0,89.0,57.0,37.0,10.0,15.0,160.0,66.0,65.0,357.0,235.0,59.0,2.0,2.0
561.0,Christophe Henrard,2318.0,500.0,470.0,191.0,89.0,57.0,37.0,10.0,15.0,160.0,66.0,65.0,357.0,238.0,59.0,2.0,2.0
562.0,Arnaud Croonen,2319.0,505.0,470.0,187.0,89.0,57.0,37.0,10.0,15.0,160.0,66.0,65.0,357.0,238.0,59.0,2.0,2.0
563.0,Jessica Hsiang,2320.0,549.0,447.0,191.0,89.0,57.0,37.0,10.0,15.0,160.0,66.0,65.0,333.0,238.0,59.0,2.0,2.0
564.0,Frederick Degroote,2321.0,503.0,470.0,191.0,89.0,57.0,37.0,10.0,15.0,160.0,66.0,65.0,357.0,238.0,59.0,2.0,2.0
565.0,Sam Jaramillo,2322.0,504.0,470.0,191.0,89.0,57.0,37.0,10.0,15.0,160.0,66.0,65.0,357.0,238.0,59.0,2.0,2.0
565.0,Fia De Beule,2322.0,539.0,435.0,191.0,89.0,57.0,37.0,10.0,15.0,160.0,66.0,65.0,357.0,238.0,59.0,2.0,2.0
565.0,Maxim Smoliar,2322.0,687.0,470.0,191.0,89.0,57.0,37.0,10.0,15.0,160.0,66.0,65.0,174.0,238.0,59.0,2.0,2.0
568.0,Ben R.J. Dictus,2323.0,590.0,385.0,191.0,89.0,57.0,37.0,10.0,15.0,160.0,66.0,65.0,357.0,238.0,59.0,2.0,2.0
569.0,Nand Bonroy,2324.0,553.0,423.0,191.0,89.0,57.0,37.0,10.0,15.0,160.0,66.0,65.0,357.0,238.0,59.0,2.0,2.0
570.0,Robbe Pecceu,2326.0,593.0,398.0,191.0,89.0,57.0,37.0,10.0,15.0,160.0,66.0,65.0,344.0,238.0,59.0,2.0,2.0
571.0,Elwin Bellekens,2330.0,550.0,432.0,191.0,89.0,57.0,37.0,10.0,15.0,160.0,66.0,65.0,357.0,238.0,59.0,2.0,2.0
572.0,Eveline Geuens,2331.0,640.0,433.0,191.0,89.0,57.0,37.0,10.0,15.0,160.0,66.0,65.0,267.0,238.0,59.0,2.0,2.0
573.0,Xander Bil,2332.0,574.0,410.0,191.0,89.0,57.0,37.0,10.0,15.0,160.0,66.0,65.0,357.0,238.0,59.0,2.0,2.0
574.0,Olivier Fasbender,2334.0,547.0,448.0,191.0,88.0,57.0,37.0,10.0,15.0,152.0,66.0,65.0,357.0,238.0,59.0,2.0,2.0
574.0,Mattias Koninckx,2334.0,516.0,470.0,191.0,89.0,57.0,37.0,10.0,15.0,160.0,66.0,65.0,357.0,238.0,59.0,2.0,2.0
576.0,Aliza Folger,2335.0,517.0,470.0,191.0,89.0,57.0,37.0,10.0,15.0,160.0,66.0,65.0,357.0,238.0,59.0,2.0,2.0
577.0,Camu Selfslagh,2343.0,616.0,470.0,191.0,89.0,57.0,37.0,10.0,15.0,160.0,66.0,65.0,266.0,238.0,59.0,2.0,2.0
577.0,Arjen Reynaert,2343.0,525.0,470.0,191.0,89.0,57.0,37.0,10.0,15.0,160.0,66.0,65.0,357.0,238.0,59.0,2.0,2.0
579.0,Arthur Eylenbosch,2344.0,526.0,470.0,191.0,89.0,57.0,37.0,10.0,15.0,160.0,66.0,65.0,357.0,238.0,59.0,2.0,2.0
580.0,Staf Minnen,2346.0,528.0,470.0,191.0,89.0,57.0,37.0,10.0,15.0,160.0,66.0,65.0,357.0,238.0,59.0,2.0,2.0
581.0,Victor Vergotte,2349.0,580.0,470.0,191.0,89.0,57.0,37.0,10.0,15.0,160.0,66.0,65.0,308.0,238.0,59.0,2.0,2.0
582.0,Ben Cornelis,2350.0,532.0,470.0,191.0,89.0,57.0,37.0,10.0,15.0,160.0,66.0,65.0,357.0,238.0,59.0,2.0,2.0
583.0,Kevin Fret,2353.0,535.0,470.0,191.0,89.0,57.0,37.0,10.0,15.0,160.0,66.0,65.0,357.0,238.0,59.0,2.0,2.0
583.0,Emilie Lahaye,2353.0,687.0,470.0,191.0,89.0,57.0,37.0,10.0,15.0,160.0,66.0,65.0,205.0,238.0,59.0,2.0,2.0
585.0,Ward Janssens,2354.0,570.0,436.0,191.0,89.0,57.0,37.0,10.0,15.0,160.0,66.0,65.0,357.0,238.0,59.0,2.0,2.0
586.0,Maxime Mylle,2355.0,644.0,363.0,191.0,89.0,57.0,37.0,10.0,15.0,160.0,66.0,65.0,357.0,238.0,59.0,2.0,2.0
586.0,Lukas Veraghtert,2355.0,537.0,470.0,191.0,89.0,57.0,37.0,10.0,15.0,160.0,66.0,65.0,357.0,238.0,59.0,2.0,2.0
588.0,Merel Devlies,2358.0,540.0,470.0,191.0,89.0,57.0,37.0,10.0,15.0,160.0,66.0,65.0,357.0,238.0,59.0,2.0,2.0
589.0,Chris Cornelis,2362.0,544.0,470.0,191.0,89.0,57.0,37.0,10.0,15.0,160.0,66.0,65.0,357.0,238.0,59.0,2.0,2.0
590.0,Tibeau Lespoix,2363.0,545.0,470.0,191.0,89.0,57.0,37.0,10.0,15.0,160.0,66.0,65.0,357.0,238.0,59.0,2.0,2.0
591.0,Dimitri Erna,2368.0,579.0,463.0,191.0,89.0,57.0,37.0,10.0,15.0,160.0,66.0,65.0,337.0,236.0,59.0,2.0,2.0
592.0,Bart Kuijpers,2372.0,554.0,470.0,191.0,89.0,57.0,37.0,10.0,15.0,160.0,66.0,65.0,357.0,238.0,59.0,2.0,2.0
593.0,Kieran Van Muysewinkel,2375.0,557.0,470.0,191.0,89.0,57.0,37.0,10.0,15.0,160.0,66.0,65.0,357.0,238.0,59.0,2.0,2.0
594.0,Kamiel Slaets,2377.0,559.0,470.0,191.0,89.0,57.0,37.0,10.0,15.0,160.0,66.0,65.0,357.0,238.0,59.0,2.0,2.0
595.0,Anaïs Bolsée,2378.0,560.0,470.0,191.0,89.0,57.0,37.0,10.0,15.0,160.0,66.0,65.0,357.0,238.0,59.0,2.0,2.0
596.0,Solal Vanhecke,2379.0,572.0,459.0,191.0,89.0,57.0,37.0,10.0,15.0,160.0,66.0,65.0,357.0,238.0,59.0,2.0,2.0
597.0,Renco Peters,2381.0,563.0,470.0,191.0,89.0,57.0,37.0,10.0,15.0,160.0,66.0,65.0,357.0,238.0,59.0,2.0,2.0
598.0,Alexandre Lemaire,2382.0,564.0,470.0,191.0,89.0,57.0,37.0,10.0,15.0,160.0,66.0,65.0,357.0,238.0,59.0,2.0,2.0
599.0,Achiel Staelens,2385.0,576.0,461.0,191.0,89.0,57.0,37.0,10.0,15.0,160.0,66.0,65.0,357.0,238.0,59.0,2.0,2.0
600.0,Ruben de Preter,2386.0,568.0,470.0,191.0,89.0,57.0,37.0,10.0,15.0,160.0,66.0,65.0,357.0,238.0,59.0,2.0,2.0
601.0,Zeno Vanhandsaeme,2387.0,569.0,470.0,191.0,89.0,57.0,37.0,10.0,15.0,160.0,66.0,65.0,357.0,238.0,59.0,2.0,2.0
602.0,Phara De Beule,2389.0,591.0,450.0,191.0,89.0,57.0,37.0,10.0,15.0,160.0,66.0,65.0,357.0,238.0,59.0,2.0,2.0
603.0,Axel Marien,2393.0,583.0,470.0,183.0,89.0,57.0,37.0,10.0,15.0,160.0,66.0,65.0,357.0,238.0,59.0,2.0,2.0
604.0,Sara Roets,2395.0,687.0,470.0,191.0,89.0,57.0,37.0,10.0,15.0,160.0,66.0,65.0,283.0,202.0,59.0,2.0,2.0
604.0,Simon Knaeps,2395.0,577.0,470.0,191.0,89.0,57.0,37.0,10.0,15.0,160.0,66.0,65.0,357.0,238.0,59.0,2.0,2.0
604.0,Jonas Cuypers,2395.0,587.0,466.0,191.0,89.0,57.0,37.0,10.0,15.0,160.0,66.0,65.0,351.0,238.0,59.0,2.0,2.0
607.0,Willem Lutjeharms,2397.0,651.0,446.0,191.0,89.0,57.0,37.0,10.0,15.0,160.0,18.0,65.0,357.0,238.0,59.0,2.0,2.0
608.0,Arnaud Janssens de Varebeke,2398.0,687.0,470.0,191.0,89.0,57.0,37.0,10.0,15.0,160.0,66.0,65.0,250.0,238.0,59.0,2.0,2.0
609.0,David Delmotte,2400.0,582.0,470.0,191.0,89.0,57.0,37.0,10.0,15.0,160.0,66.0,65.0,357.0,238.0,59.0,2.0,2.0
610.0,Kaat Van Dijck,2402.0,584.0,470.0,191.0,89.0,57.0,37.0,10.0,15.0,160.0,66.0,65.0,357.0,238.0,59.0,2.0,2.0
611.0,Victor Botterman,2404.0,638.0,418.0,191.0,89.0,57.0,37.0,10.0,15.0,160.0,66.0,65.0,357.0,238.0,59.0,2.0,2.0
612.0,Ken Schoeters,2405.0,619.0,465.0,191.0,89.0,57.0,37.0,10.0,15.0,160.0,66.0,65.0,330.0,238.0,59.0,2.0,2.0
613.0,Jasper De Gussemé,2407.0,589.0,470.0,191.0,89.0,57.0,37.0,10.0,15.0,160.0,66.0,65.0,357.0,238.0,59.0,2.0,2.0
614.0,Baptiste Decorte,2410.0,592.0,470.0,191.0,89.0,57.0,37.0,10.0,15.0,160.0,66.0,65.0,357.0,238.0,59.0,2.0,2.0
615.0,Demian Walvisch,2412.0,594.0,470.0,191.0,89.0,57.0,37.0,10.0,15.0,160.0,66.0,65.0,357.0,238.0,59.0,2.0,2.0
615.0,Lauren Truyens,2412.0,672.0,458.0,191.0,89.0,57.0,37.0,10.0,15.0,160.0,66.0,65.0,291.0,238.0,59.0,2.0,2.0
617.0,Steven Xu,2413.0,595.0,470.0,191.0,89.0,57.0,37.0,10.0,15.0,160.0,66.0,65.0,357.0,238.0,59.0,2.0,2.0
618.0,Robin Van Cauwenberghe,2414.0,596.0,470.0,191.0,89.0,57.0,37.0,10.0,15.0,160.0,66.0,65.0,357.0,238.0,59.0,2.0,2.0
619.0,Adrian Eylenbosch,2415.0,597.0,470.0,191.0,89.0,57.0,37.0,10.0,15.0,160.0,66.0,65.0,357.0,238.0,59.0,2.0,2.0
619.0,Neo Marc Devuyst,2415.0,611.0,456.0,191.0,89.0,57.0,37.0,10.0,15.0,160.0,66.0,65.0,357.0,238.0,59.0,2.0,2.0
621.0,Peter Ralston,2416.0,598.0,470.0,191.0,89.0,57.0,37.0,10.0,15.0,160.0,66.0,65.0,357.0,238.0,59.0,2.0,2.0
622.0,Wim Reynders,2417.0,605.0,470.0,191.0,89.0,57.0,37.0,10.0,15.0,160.0,66.0,65.0,357.0,238.0,53.0,2.0,2.0
623.0,Brent Lissens,2418.0,657.0,444.0,191.0,89.0,57.0,37.0,10.0,15.0,160.0,66.0,65.0,326.0,238.0,59.0,2.0,2.0
624.0,Ruben Pollet,2419.0,601.0,470.0,191.0,89.0,57.0,37.0,10.0,15.0,160.0,66.0,65.0,357.0,238.0,59.0,2.0,2.0
625.0,William Polet,2420.0,602.0,470.0,191.0,89.0,57.0,37.0,10.0,15.0,160.0,66.0,65.0,357.0,238.0,59.0,2.0,2.0
626.0,Thomas Croimans,2421.0,603.0,470.0,191.0,89.0,57.0,37.0,10.0,15.0,160.0,66.0,65.0,357.0,238.0,59.0,2.0,2.0
627.0,Niels Beausaert,2422.0,620.0,454.0,191.0,89.0,57.0,37.0,10.0,15.0,160.0,66.0,65.0,357.0,238.0,59.0,2.0,2.0
627.0,Aurélien Mineur,2422.0,604.0,470.0,191.0,89.0,57.0,37.0,10.0,15.0,160.0,66.0,65.0,357.0,238.0,59.0,2.0,2.0
629.0,Stan Lauwers,2424.0,606.0,470.0,191.0,89.0,57.0,37.0,10.0,15.0,160.0,66.0,65.0,357.0,238.0,59.0,2.0,2.0
630.0,Austin Henrard,2425.0,607.0,470.0,191.0,89.0,57.0,37.0,10.0,15.0,160.0,66.0,65.0,357.0,238.0,59.0,2.0,2.0
631.0,David Francis,2426.0,608.0,470.0,191.0,89.0,57.0,37.0,10.0,15.0,160.0,66.0,65.0,357.0,238.0,59.0,2.0,2.0
632.0,David Weinberger,2427.0,609.0,470.0,191.0,89.0,57.0,37.0,10.0,15.0,160.0,66.0,65.0,357.0,238.0,59.0,2.0,2.0
633.0,Mathias Dandois Domenech,2428.0,610.0,470.0,191.0,89.0,57.0,37.0,10.0,15.0,160.0,66.0,65.0,357.0,238.0,59.0,2.0,2.0
634.0,An Meirhaeghe,2430.0,612.0,470.0,191.0,89.0,57.0,37.0,10.0,15.0,160.0,66.0,65.0,357.0,238.0,59.0,2.0,2.0
635.0,Babs Faes,2431.0,613.0,470.0,191.0,89.0,57.0,37.0,10.0,15.0,160.0,66.0,65.0,357.0,238.0,59.0,2.0,2.0
636.0,Louis Vinckenbosch,2432.0,687.0,397.0,191.0,89.0,57.0,37.0,10.0,15.0,160.0,66.0,65.0,357.0,238.0,59.0,2.0,2.0
637.0,Stan Beck,2433.0,615.0,470.0,191.0,89.0,57.0,37.0,10.0,15.0,160.0,66.0,65.0,357.0,238.0,59.0,2.0,2.0
638.0,Teo Di Lenarda,2435.0,617.0,470.0,191.0,89.0,57.0,37.0,10.0,15.0,160.0,66.0,65.0,357.0,238.0,59.0,2.0,2.0
639.0,Kasmir Singh,2436.0,618.0,470.0,191.0,89.0,57.0,37.0,10.0,15.0,160.0,66.0,65.0,357.0,238.0,59.0,2.0,2.0
639.0,Lars Dedeken,2436.0,652.0,455.0,191.0,89.0,57.0,37.0,10.0,15.0,160.0,66.0,65.0,338.0,238.0,59.0,2.0,2.0
641.0,Lisa Erna,2437.0,654.0,464.0,191.0,89.0,57.0,37.0,10.0,15.0,160.0,66.0,65.0,345.0,221.0,59.0,2.0,2.0
642.0,Alex Guisson,2440.0,622.0,470.0,191.0,89.0,57.0,37.0,10.0,15.0,160.0,66.0,65.0,357.0,238.0,59.0,2.0,2.0
643.0,Frédéric Charliers,2442.0,624.0,470.0,191.0,89.0,57.0,37.0,10.0,15.0,160.0,66.0,65.0,357.0,238.0,59.0,2.0,2.0
644.0,Dokus Soetemans,2444.0,626.0,470.0,191.0,89.0,57.0,37.0,10.0,15.0,160.0,66.0,65.0,357.0,238.0,59.0,2.0,2.0
645.0,Fanny de Pierpont,2445.0,627.0,470.0,191.0,89.0,57.0,37.0,10.0,15.0,160.0,66.0,65.0,357.0,238.0,59.0,2.0,2.0
646.0,Steven Creve,2446.0,628.0,470.0,191.0,89.0,57.0,37.0,10.0,15.0,160.0,66.0,65.0,357.0,238.0,59.0,2.0,2.0
647.0,Rafael Vandeput,2447.0,629.0,470.0,191.0,89.0,57.0,37.0,10.0,15.0,160.0,66.0,65.0,357.0,238.0,59.0,2.0,2.0
648.0,Gauthier Triest,2448.0,630.0,470.0,191.0,89.0,57.0,37.0,10.0,15.0,160.0,66.0,65.0,357.0,238.0,59.0,2.0,2.0
649.0,Helena Judo,2449.0,631.0,470.0,191.0,89.0,57.0,37.0,10.0,15.0,160.0,66.0,65.0,357.0,238.0,59.0,2.0,2.0
650.0,Ylea Tollet,2450.0,632.0,470.0,191.0,89.0,57.0,37.0,10.0,15.0,160.0,66.0,65.0,357.0,238.0,59.0,2.0,2.0
651.0,Joris Menten,2451.0,633.0,470.0,191.0,89.0,57.0,37.0,10.0,15.0,160.0,66.0,65.0,357.0,238.0,59.0,2.0,2.0
652.0,Ahmet Ekrem Albayrak,2452.0,634.0,470.0,191.0,89.0,57.0,37.0,10.0,15.0,160.0,66.0,65.0,357.0,238.0,59.0,2.0,2.0
653.0,Serhat Degirmenci,2453.0,635.0,470.0,191.0,89.0,57.0,37.0,10.0,15.0,160.0,66.0,65.0,357.0,238.0,59.0,2.0,2.0
654.0,Nio de Vocht,2455.0,637.0,470.0,191.0,89.0,57.0,37.0,10.0,15.0,160.0,66.0,65.0,357.0,238.0,59.0,2.0,2.0
655.0,Rik Wagemans,2457.0,639.0,470.0,191.0,89.0,57.0,37.0,10.0,15.0,160.0,66.0,65.0,357.0,238.0,59.0,2.0,2.0
656.0,Salvatore Bembo,2459.0,641.0,470.0,191.0,89.0,57.0,37.0,10.0,15.0,160.0,66.0,65.0,357.0,238.0,59.0,2.0,2.0
657.0,Zhu Zhao Wei,2460.0,642.0,470.0,191.0,89.0,57.0,37.0,10.0,15.0,160.0,66.0,65.0,357.0,238.0,59.0,2.0,2.0
658.0,Augustijn Ravijts,2461.0,643.0,470.0,191.0,89.0,57.0,37.0,10.0,15.0,160.0,66.0,65.0,357.0,238.0,59.0,2.0,2.0
659.0,Colline Aerbeydt,2463.0,645.0,470.0,191.0,89.0,57.0,37.0,10.0,15.0,160.0,66.0,65.0,357.0,238.0,59.0,2.0,2.0
660.0,Finn Knockaert,2464.0,646.0,470.0,191.0,89.0,57.0,37.0,10.0,15.0,160.0,66.0,65.0,357.0,238.0,59.0,2.0,2.0
661.0,Xander Toon Verhalle,2465.0,647.0,470.0,191.0,89.0,57.0,37.0,10.0,15.0,160.0,66.0,65.0,357.0,238.0,59.0,2.0,2.0
662.0,Dimitri Kok,2466.0,648.0,470.0,191.0,89.0,57.0,37.0,10.0,15.0,160.0,66.0,65.0,357.0,238.0,59.0,2.0,2.0
663.0,Cedric De Pauw,2467.0,649.0,470.0,191.0,89.0,57.0,37.0,10.0,15.0,160.0,66.0,65.0,357.0,238.0,59.0,2.0,2.0
664.0,Lars Donvil,2468.0,650.0,470.0,191.0,89.0,57.0,37.0,10.0,15.0,160.0,66.0,65.0,357.0,238.0,59.0,2.0,2.0
665.0,Eva Durenne,2469.0,655.0,470.0,191.0,89.0,57.0,37.0,10.0,15.0,160.0,66.0,65.0,353.0,238.0,59.0,2.0,2.0
666.0,Annelies Claes,2471.0,653.0,470.0,191.0,89.0,57.0,37.0,10.0,15.0,160.0,66.0,65.0,357.0,238.0,59.0,2.0,2.0
667.0,Bart Van Dijck,2474.0,656.0,470.0,191.0,89.0,57.0,37.0,10.0,15.0,160.0,66.0,65.0,357.0,238.0,59.0,2.0,2.0
668.0,Alice Loos,2476.0,658.0,470.0,191.0,89.0,57.0,37.0,10.0,15.0,160.0,66.0,65.0,357.0,238.0,59.0,2.0,2.0
669.0,Gust Maes,2477.0,659.0,470.0,191.0,89.0,57.0,37.0,10.0,15.0,160.0,66.0,65.0,357.0,238.0,59.0,2.0,2.0
670.0,Emelyne Groux,2478.0,660.0,470.0,191.0,89.0,57.0,37.0,10.0,15.0,160.0,66.0,65.0,357.0,238.0,59.0,2.0,2.0
671.0,Christian Teixeira,2479.0,661.0,470.0,191.0,89.0,57.0,37.0,10.0,15.0,160.0,66.0,65.0,357.0,238.0,59.0,2.0,2.0
672.0,Christophe Scholliers,2480.0,662.0,470.0,191.0,89.0,57.0,37.0,10.0,15.0,160.0,66.0,65.0,357.0,238.0,59.0,2.0,2.0
672.0,Ben De Laet,2480.0,687.0,470.0,191.0,89.0,57.0,37.0,10.0,15.0,160.0,66.0,65.0,332.0,238.0,59.0,2.0,2.0
674.0,Isabelle Gonzalez-Alvarez,2481.0,670.0,468.0,191.0,89.0,57.0,37.0,10.0,15.0,160.0,66.0,65.0,352.0,238.0,59.0,2.0,2.0
674.0,Glen Van Liefferinge,2481.0,663.0,470.0,191.0,89.0,57.0,37.0,10.0,15.0,160.0,66.0,65.0,357.0,238.0,59.0,2.0,2.0
676.0,Thomas Gilliquet,2482.0,664.0,470.0,191.0,89.0,57.0,37.0,10.0,15.0,160.0,66.0,65.0,357.0,238.0,59.0,2.0,2.0
677.0,Kurt De Bleecker,2483.0,665.0,470.0,191.0,89.0,57.0,37.0,10.0,15.0,160.0,66.0,65.0,357.0,238.0,59.0,2.0,2.0
678.0,Max Jaramillo,2484.0,666.0,470.0,191.0,89.0,57.0,37.0,10.0,15.0,160.0,66.0,65.0,357.0,238.0,59.0,2.0,2.0
679.0,Wout Vandebroek,2485.0,667.0,470.0,191.0,89.0,57.0,37.0,10.0,15.0,160.0,66.0,65.0,357.0,238.0,59.0,2.0,2.0
680.0,Olivier Lê,2486.0,668.0,470.0,191.0,89.0,57.0,37.0,10.0,15.0,160.0,66.0,65.0,357.0,238.0,59.0,2.0,2.0
681.0,Victor Chélénoc,2487.0,687.0,470.0,191.0,89.0,57.0,37.0,10.0,15.0,160.0,66.0,65.0,339.0,238.0,59.0,2.0,2.0
681.0,Jenny Lushaba,2487.0,669.0,470.0,191.0,89.0,57.0,37.0,10.0,15.0,160.0,66.0,65.0,357.0,238.0,59.0,2.0,2.0
683.0,Leclerc Alexis,2489.0,671.0,470.0,191.0,89.0,57.0,37.0,10.0,15.0,160.0,66.0,65.0,357.0,238.0,59.0,2.0,2.0
684.0,Julie de Moffarts,2491.0,673.0,470.0,191.0,89.0,57.0,37.0,10.0,15.0,160.0,66.0,65.0,357.0,238.0,59.0,2.0,2.0
685.0,Mattias Destrooper,2492.0,674.0,470.0,191.0,89.0,57.0,37.0,10.0,15.0,160.0,66.0,65.0,357.0,238.0,59.0,2.0,2.0
686.0,Cerise Coll,2493.0,675.0,470.0,191.0,89.0,57.0,37.0,10.0,15.0,160.0,66.0,65.0,357.0,238.0,59.0,2.0,2.0
687.0,Ronny Steegen,2494.0,676.0,470.0,191.0,89.0,57.0,37.0,10.0,15.0,160.0,66.0,65.0,357.0,238.0,59.0,2.0,2.0
688.0,Gilles Theunissen,2495.0,687.0,460.0,191.0,89.0,57.0,37.0,10.0,15.0,160.0,66.0,65.0,357.0,238.0,59.0,2.0,2.0
688.0,Adélaïde Mouthuy,2495.0,677.0,470.0,191.0,89.0,57.0,37.0,10.0,15.0,160.0,66.0,65.0,357.0,238.0,59.0,2.0,2.0
688.0,Albert Mandl,2495.0,678.0,469.0,191.0,89.0,57.0,37.0,10.0,15.0,160.0,66.0,65.0,357.0,238.0,59.0,2.0,2.0
691.0,Jany Preudhomme,2497.0,679.0,470.0,191.0,89.0,57.0,37.0,10.0,15.0,160.0,66.0,65.0,357.0,238.0,59.0,2.0,2.0
692.0,Neil Vanhove,2498.0,680.0,470.0,191.0,89.0,57.0,37.0,10.0,15.0,160.0,66.0,65.0,357.0,238.0,59.0,2.0,2.0
693.0,Ramdan Sadaoui,2499.0,681.0,470.0,191.0,89.0,57.0,37.0,10.0,15.0,160.0,66.0,65.0,357.0,238.0,59.0,2.0,2.0
694.0,Martina Spittaels,2500.0,682.0,470.0,191.0,89.0,57.0,37.0,10.0,15.0,160.0,66.0,65.0,357.0,238.0,59.0,2.0,2.0
695.0,Ruben Buckens,2501.0,683.0,470.0,191.0,89.0,57.0,37.0,10.0,15.0,160.0,66.0,65.0,357.0,238.0,59.0,2.0,2.0
696.0,Céline Deckers,2502.0,687.0,470.0,191.0,89.0,57.0,37.0,10.0,15.0,160.0,66.0,65.0,354.0,238.0,59.0,2.0,2.0
696.0,Anke Devolder,2502.0,684.0,470.0,191.0,89.0,57.0,37.0,10.0,15.0,160.0,66.0,65.0,357.0,238.0,59.0,2.0,2.0
698.0,Maximilien de Le Hoye,2503.0,685.0,470.0,191.0,89.0,57.0,37.0,10.0,15.0,160.0,66.0,65.0,357.0,238.0,59.0,2.0,2.0
699.0,Stijn Beerts,2504.0,686.0,470.0,191.0,89.0,57.0,37.0,10.0,15.0,160.0,66.0,65.0,357.0,238.0,59.0,2.0,2.0
699.0,Jean-Michel Fils,2504.0,687.0,470.0,191.0,89.0,57.0,37.0,10.0,15.0,160.0,66.0,65.0,356.0,238.0,59.0,2.0,2.0
